account_ref,mule_score,node_id,artifact_version
C000000,0.001038,0,gnn_mule/v2
C000001,0.055578,1,gnn_mule/v2
C000002,0.000048,2,gnn_mule/v2
C000003,0.234292,3,gnn_mule/v2
C000004,0.142458,4,gnn_mule/v2
C000005,0.000019,5,gnn_mule/v2
C000006,0.981096,6,gnn_mule/v2
C000007,0.002288,7,gnn_mule/v2
C000008,0.198924,8,gnn_mule/v2
C000009,0.085199,9,gnn_mule/v2
C000010,0.000000,10,gnn_mule/v2
C000011,0.010141,11,gnn_mule/v2
C000012,0.583637,12,gnn_mule/v2
C000013,0.000008,13,gnn_mule/v2
C000014,0.003190,14,gnn_mule/v2
C000015,0.171443,15,gnn_mule/v2
C000016,0.005037,16,gnn_mule/v2
C000017,0.000040,17,gnn_mule/v2
C000018,0.013269,18,gnn_mule/v2
C000019,0.000005,19,gnn_mule/v2
C000020,0.420388,20,gnn_mule/v2
C000021,0.081980,21,gnn_mule/v2
C000022,0.001516,22,gnn_mule/v2
C000023,0.014779,23,gnn_mule/v2
C000024,0.003102,24,gnn_mule/v2
C000025,0.000003,25,gnn_mule/v2
C000026,0.000007,26,gnn_mule/v2
C000027,0.003099,27,gnn_mule/v2
C000028,0.000019,28,gnn_mule/v2
C000029,0.049869,29,gnn_mule/v2
C000030,0.026090,30,gnn_mule/v2
C000031,0.000748,31,gnn_mule/v2
C000032,0.000000,32,gnn_mule/v2
C000033,0.000002,33,gnn_mule/v2
C000034,0.000011,34,gnn_mule/v2
C000035,0.168352,35,gnn_mule/v2
C000036,0.150223,36,gnn_mule/v2
C000037,0.000055,37,gnn_mule/v2
C000038,0.010175,38,gnn_mule/v2
C000039,0.000132,39,gnn_mule/v2
C000040,0.123255,40,gnn_mule/v2
C000041,0.000018,41,gnn_mule/v2
C000042,0.207046,42,gnn_mule/v2
C000043,0.000090,43,gnn_mule/v2
C000044,0.000013,44,gnn_mule/v2
C000045,0.973361,45,gnn_mule/v2
C000046,0.997202,46,gnn_mule/v2
C000047,0.019106,47,gnn_mule/v2
C000048,0.000005,48,gnn_mule/v2
C000049,0.206479,49,gnn_mule/v2
C000050,0.000013,50,gnn_mule/v2
C000051,0.000008,51,gnn_mule/v2
C000052,0.000907,52,gnn_mule/v2
C000053,0.536537,53,gnn_mule/v2
C000054,0.802857,54,gnn_mule/v2
C000055,0.000021,55,gnn_mule/v2
C000056,0.041044,56,gnn_mule/v2
C000057,0.000001,57,gnn_mule/v2
C000058,0.228560,58,gnn_mule/v2
C000059,0.524626,59,gnn_mule/v2
C000060,0.011182,60,gnn_mule/v2
C000061,0.001444,61,gnn_mule/v2
C000062,0.269961,62,gnn_mule/v2
C000063,0.009470,63,gnn_mule/v2
C000064,0.000007,64,gnn_mule/v2
C000065,0.087346,65,gnn_mule/v2
C000066,0.118187,66,gnn_mule/v2
C000067,0.005254,67,gnn_mule/v2
C000068,0.592831,68,gnn_mule/v2
C000069,0.003640,69,gnn_mule/v2
C000070,0.000104,70,gnn_mule/v2
C000071,0.812464,71,gnn_mule/v2
C000072,0.001828,72,gnn_mule/v2
C000073,0.013364,73,gnn_mule/v2
C000074,0.000563,74,gnn_mule/v2
C000075,0.018283,75,gnn_mule/v2
C000076,0.886220,76,gnn_mule/v2
C000077,0.414649,77,gnn_mule/v2
C000078,0.070594,78,gnn_mule/v2
C000079,0.000004,79,gnn_mule/v2
C000080,0.983593,80,gnn_mule/v2
C000081,0.037959,81,gnn_mule/v2
C000082,0.000474,82,gnn_mule/v2
C000083,0.240226,83,gnn_mule/v2
C000084,0.002333,84,gnn_mule/v2
C000085,0.001000,85,gnn_mule/v2
C000086,0.813441,86,gnn_mule/v2
C000087,0.873911,87,gnn_mule/v2
C000088,0.024292,88,gnn_mule/v2
C000089,0.002381,89,gnn_mule/v2
C000090,0.136162,90,gnn_mule/v2
C000091,0.011798,91,gnn_mule/v2
C000092,0.031393,92,gnn_mule/v2
C000093,0.990284,93,gnn_mule/v2
C000094,0.000153,94,gnn_mule/v2
C000095,0.018751,95,gnn_mule/v2
C000096,0.096134,96,gnn_mule/v2
C000097,0.000002,97,gnn_mule/v2
C000098,0.743354,98,gnn_mule/v2
C000099,0.000029,99,gnn_mule/v2
C000100,0.000740,100,gnn_mule/v2
C000101,0.005235,101,gnn_mule/v2
C000102,1.000000,102,gnn_mule/v2
C000103,0.012239,103,gnn_mule/v2
C000104,0.505942,104,gnn_mule/v2
C000105,0.009785,105,gnn_mule/v2
C000106,0.000005,106,gnn_mule/v2
C000107,0.016071,107,gnn_mule/v2
C000108,0.179718,108,gnn_mule/v2
C000109,0.869465,109,gnn_mule/v2
C000110,0.000018,110,gnn_mule/v2
C000111,0.040462,111,gnn_mule/v2
C000112,0.939714,112,gnn_mule/v2
C000113,0.106059,113,gnn_mule/v2
C000114,0.000052,114,gnn_mule/v2
C000115,0.079760,115,gnn_mule/v2
C000116,0.002840,116,gnn_mule/v2
C000117,0.000057,117,gnn_mule/v2
C000118,0.034954,118,gnn_mule/v2
C000119,0.002860,119,gnn_mule/v2
C000120,0.004661,120,gnn_mule/v2
C000121,0.000276,121,gnn_mule/v2
C000122,0.451646,122,gnn_mule/v2
C000123,0.054299,123,gnn_mule/v2
C000124,0.152523,124,gnn_mule/v2
C000125,0.000256,125,gnn_mule/v2
C000126,0.000889,126,gnn_mule/v2
C000127,0.985182,127,gnn_mule/v2
C000128,0.763840,128,gnn_mule/v2
C000129,0.499786,129,gnn_mule/v2
C000130,0.098379,130,gnn_mule/v2
C000131,0.000018,131,gnn_mule/v2
C000132,0.291630,132,gnn_mule/v2
C000133,0.002327,133,gnn_mule/v2
C000134,0.000213,134,gnn_mule/v2
C000135,0.000094,135,gnn_mule/v2
C000136,0.028569,136,gnn_mule/v2
C000137,0.634442,137,gnn_mule/v2
C000138,0.000004,138,gnn_mule/v2
C000139,0.000000,139,gnn_mule/v2
C000140,0.661979,140,gnn_mule/v2
C000141,0.000035,141,gnn_mule/v2
C000142,0.503734,142,gnn_mule/v2
C000143,0.000015,143,gnn_mule/v2
C000144,0.526376,144,gnn_mule/v2
C000145,0.000008,145,gnn_mule/v2
C000146,0.023143,146,gnn_mule/v2
C000147,0.809379,147,gnn_mule/v2
C000148,0.000181,148,gnn_mule/v2
C000149,0.038972,149,gnn_mule/v2
C000150,0.000073,150,gnn_mule/v2
C000151,0.000020,151,gnn_mule/v2
C000152,0.040999,152,gnn_mule/v2
C000153,0.000047,153,gnn_mule/v2
C000154,0.003317,154,gnn_mule/v2
C000155,0.000000,155,gnn_mule/v2
C000156,0.034582,156,gnn_mule/v2
C000157,0.029539,157,gnn_mule/v2
C000158,0.009038,158,gnn_mule/v2
C000159,0.000041,159,gnn_mule/v2
C000160,0.000095,160,gnn_mule/v2
C000161,0.000001,161,gnn_mule/v2
C000162,0.003198,162,gnn_mule/v2
C000163,0.000047,163,gnn_mule/v2
C000164,0.006381,164,gnn_mule/v2
C000165,0.004501,165,gnn_mule/v2
C000166,0.472065,166,gnn_mule/v2
C000167,0.823770,167,gnn_mule/v2
C000168,0.055485,168,gnn_mule/v2
C000169,0.331090,169,gnn_mule/v2
C000170,0.026125,170,gnn_mule/v2
C000171,0.450647,171,gnn_mule/v2
C000172,0.008116,172,gnn_mule/v2
C000173,0.000004,173,gnn_mule/v2
C000174,0.000035,174,gnn_mule/v2
C000175,0.000001,175,gnn_mule/v2
C000176,0.117324,176,gnn_mule/v2
C000177,0.052117,177,gnn_mule/v2
C000178,0.019137,178,gnn_mule/v2
C000179,0.000091,179,gnn_mule/v2
C000180,0.001963,180,gnn_mule/v2
C000181,0.000018,181,gnn_mule/v2
C000182,0.000185,182,gnn_mule/v2
C000183,0.000002,183,gnn_mule/v2
C000184,0.002955,184,gnn_mule/v2
C000185,0.993811,185,gnn_mule/v2
C000186,0.000027,186,gnn_mule/v2
C000187,0.000022,187,gnn_mule/v2
C000188,0.699787,188,gnn_mule/v2
C000189,0.999999,189,gnn_mule/v2
C000190,0.000000,190,gnn_mule/v2
C000191,0.001690,191,gnn_mule/v2
C000192,0.507791,192,gnn_mule/v2
C000193,0.000115,193,gnn_mule/v2
C000194,0.039398,194,gnn_mule/v2
C000195,0.338235,195,gnn_mule/v2
C000196,0.000031,196,gnn_mule/v2
C000197,0.933109,197,gnn_mule/v2
C000198,0.000004,198,gnn_mule/v2
C000199,0.000026,199,gnn_mule/v2
C000200,0.383805,200,gnn_mule/v2
C000201,0.000247,201,gnn_mule/v2
C000202,0.415864,202,gnn_mule/v2
C000203,0.028253,203,gnn_mule/v2
C000204,0.887259,204,gnn_mule/v2
C000205,0.000014,205,gnn_mule/v2
C000206,0.000009,206,gnn_mule/v2
C000207,0.002298,207,gnn_mule/v2
C000208,0.496323,208,gnn_mule/v2
C000209,0.002676,209,gnn_mule/v2
C000210,0.097559,210,gnn_mule/v2
C000211,0.000089,211,gnn_mule/v2
C000212,0.000040,212,gnn_mule/v2
C000213,0.000000,213,gnn_mule/v2
C000214,0.000254,214,gnn_mule/v2
C000215,0.018275,215,gnn_mule/v2
C000216,0.004184,216,gnn_mule/v2
C000217,0.000001,217,gnn_mule/v2
C000218,0.000006,218,gnn_mule/v2
C000219,0.800981,219,gnn_mule/v2
C000220,0.000373,220,gnn_mule/v2
C000221,0.005425,221,gnn_mule/v2
C000222,0.000001,222,gnn_mule/v2
C000223,0.000064,223,gnn_mule/v2
C000224,0.000169,224,gnn_mule/v2
C000225,0.000010,225,gnn_mule/v2
C000226,0.000027,226,gnn_mule/v2
C000227,0.005194,227,gnn_mule/v2
C000228,0.053734,228,gnn_mule/v2
C000229,0.877766,229,gnn_mule/v2
C000230,0.002383,230,gnn_mule/v2
C000231,0.000000,231,gnn_mule/v2
C000232,0.000112,232,gnn_mule/v2
C000233,0.010437,233,gnn_mule/v2
C000234,0.035171,234,gnn_mule/v2
C000235,0.936938,235,gnn_mule/v2
C000236,0.000008,236,gnn_mule/v2
C000237,0.006287,237,gnn_mule/v2
C000238,0.002366,238,gnn_mule/v2
C000239,0.000004,239,gnn_mule/v2
C000240,0.000023,240,gnn_mule/v2
C000241,0.000001,241,gnn_mule/v2
C000242,0.950557,242,gnn_mule/v2
C000243,0.000072,243,gnn_mule/v2
C000244,0.000004,244,gnn_mule/v2
C000245,0.000020,245,gnn_mule/v2
C000246,0.003834,246,gnn_mule/v2
C000247,0.390862,247,gnn_mule/v2
C000248,0.003658,248,gnn_mule/v2
C000249,0.000641,249,gnn_mule/v2
C000250,0.000001,250,gnn_mule/v2
C000251,0.999981,251,gnn_mule/v2
C000252,0.000380,252,gnn_mule/v2
C000253,0.415881,253,gnn_mule/v2
C000254,0.000038,254,gnn_mule/v2
C000255,0.000009,255,gnn_mule/v2
C000256,0.000001,256,gnn_mule/v2
C000257,0.001463,257,gnn_mule/v2
C000258,0.000000,258,gnn_mule/v2
C000259,0.000553,259,gnn_mule/v2
C000260,0.000154,260,gnn_mule/v2
C000261,0.802115,261,gnn_mule/v2
C000262,0.879742,262,gnn_mule/v2
C000263,0.000021,263,gnn_mule/v2
C000264,0.000010,264,gnn_mule/v2
C000265,0.000007,265,gnn_mule/v2
C000266,0.006138,266,gnn_mule/v2
C000267,0.456049,267,gnn_mule/v2
C000268,0.000053,268,gnn_mule/v2
C000269,0.000323,269,gnn_mule/v2
C000270,0.030230,270,gnn_mule/v2
C000271,0.005818,271,gnn_mule/v2
C000272,0.000204,272,gnn_mule/v2
C000273,0.305220,273,gnn_mule/v2
C000274,0.000232,274,gnn_mule/v2
C000275,0.512360,275,gnn_mule/v2
C000276,0.000000,276,gnn_mule/v2
C000277,0.015129,277,gnn_mule/v2
C000278,0.007115,278,gnn_mule/v2
C000279,0.004173,279,gnn_mule/v2
C000280,0.000282,280,gnn_mule/v2
C000281,0.007337,281,gnn_mule/v2
C000282,0.013633,282,gnn_mule/v2
C000283,0.022351,283,gnn_mule/v2
C000284,0.319285,284,gnn_mule/v2
C000285,0.989763,285,gnn_mule/v2
C000286,0.001296,286,gnn_mule/v2
C000287,0.220308,287,gnn_mule/v2
C000288,0.000005,288,gnn_mule/v2
C000289,0.026287,289,gnn_mule/v2
C000290,0.711889,290,gnn_mule/v2
C000291,0.696918,291,gnn_mule/v2
C000292,0.185977,292,gnn_mule/v2
C000293,0.018491,293,gnn_mule/v2
C000294,0.970876,294,gnn_mule/v2
C000295,0.047447,295,gnn_mule/v2
C000296,0.000073,296,gnn_mule/v2
C000297,0.000079,297,gnn_mule/v2
C000298,0.000429,298,gnn_mule/v2
C000299,0.000005,299,gnn_mule/v2
C000300,0.183728,300,gnn_mule/v2
C000301,0.000644,301,gnn_mule/v2
C000302,0.001100,302,gnn_mule/v2
C000303,0.000000,303,gnn_mule/v2
C000304,0.007117,304,gnn_mule/v2
C000305,0.026164,305,gnn_mule/v2
C000306,0.015411,306,gnn_mule/v2
C000307,0.000129,307,gnn_mule/v2
C000308,0.004927,308,gnn_mule/v2
C000309,0.006246,309,gnn_mule/v2
C000310,0.704419,310,gnn_mule/v2
C000311,0.001309,311,gnn_mule/v2
C000312,0.982837,312,gnn_mule/v2
C000313,0.001389,313,gnn_mule/v2
C000314,0.000022,314,gnn_mule/v2
C000315,0.029753,315,gnn_mule/v2
C000316,0.000001,316,gnn_mule/v2
C000317,0.000165,317,gnn_mule/v2
C000318,0.000057,318,gnn_mule/v2
C000319,0.000936,319,gnn_mule/v2
C000320,0.000887,320,gnn_mule/v2
C000321,0.059288,321,gnn_mule/v2
C000322,0.000064,322,gnn_mule/v2
C000323,0.000004,323,gnn_mule/v2
C000324,0.386408,324,gnn_mule/v2
C000325,0.000101,325,gnn_mule/v2
C000326,0.023280,326,gnn_mule/v2
C000327,0.073350,327,gnn_mule/v2
C000328,0.196848,328,gnn_mule/v2
C000329,0.003626,329,gnn_mule/v2
C000330,0.000638,330,gnn_mule/v2
C000331,0.000002,331,gnn_mule/v2
C000332,0.318454,332,gnn_mule/v2
C000333,0.000011,333,gnn_mule/v2
C000334,0.755226,334,gnn_mule/v2
C000335,0.059846,335,gnn_mule/v2
C000336,0.001350,336,gnn_mule/v2
C000337,0.000802,337,gnn_mule/v2
C000338,0.000003,338,gnn_mule/v2
C000339,0.098204,339,gnn_mule/v2
C000340,0.004469,340,gnn_mule/v2
C000341,0.934090,341,gnn_mule/v2
C000342,0.195025,342,gnn_mule/v2
C000343,0.010335,343,gnn_mule/v2
C000344,0.000808,344,gnn_mule/v2
C000345,0.136959,345,gnn_mule/v2
C000346,0.000265,346,gnn_mule/v2
C000347,0.007600,347,gnn_mule/v2
C000348,0.001908,348,gnn_mule/v2
C000349,0.014780,349,gnn_mule/v2
C000350,0.610123,350,gnn_mule/v2
C000351,0.133073,351,gnn_mule/v2
C000352,0.029246,352,gnn_mule/v2
C000353,0.000901,353,gnn_mule/v2
C000354,0.000150,354,gnn_mule/v2
C000355,0.000007,355,gnn_mule/v2
C000356,0.169643,356,gnn_mule/v2
C000357,0.023396,357,gnn_mule/v2
C000358,0.000030,358,gnn_mule/v2
C000359,0.013835,359,gnn_mule/v2
C000360,0.674391,360,gnn_mule/v2
C000361,0.174017,361,gnn_mule/v2
C000362,0.000231,362,gnn_mule/v2
C000363,0.032355,363,gnn_mule/v2
C000364,0.337548,364,gnn_mule/v2
C000365,0.279167,365,gnn_mule/v2
C000366,0.705079,366,gnn_mule/v2
C000367,0.083666,367,gnn_mule/v2
C000368,0.113404,368,gnn_mule/v2
C000369,0.072569,369,gnn_mule/v2
C000370,0.001028,370,gnn_mule/v2
C000371,0.351809,371,gnn_mule/v2
C000372,0.018877,372,gnn_mule/v2
C000373,0.054995,373,gnn_mule/v2
C000374,0.000000,374,gnn_mule/v2
C000375,0.003446,375,gnn_mule/v2
C000376,0.000939,376,gnn_mule/v2
C000377,0.000036,377,gnn_mule/v2
C000378,0.002537,378,gnn_mule/v2
C000379,0.367698,379,gnn_mule/v2
C000380,0.026558,380,gnn_mule/v2
C000381,0.000011,381,gnn_mule/v2
C000382,0.000219,382,gnn_mule/v2
C000383,0.082728,383,gnn_mule/v2
C000384,0.005619,384,gnn_mule/v2
C000385,0.055316,385,gnn_mule/v2
C000386,0.000077,386,gnn_mule/v2
C000387,0.023081,387,gnn_mule/v2
C000388,0.004126,388,gnn_mule/v2
C000389,0.000024,389,gnn_mule/v2
C000390,0.993802,390,gnn_mule/v2
C000391,0.001492,391,gnn_mule/v2
C000392,0.101982,392,gnn_mule/v2
C000393,0.000015,393,gnn_mule/v2
C000394,0.020063,394,gnn_mule/v2
C000395,0.000000,395,gnn_mule/v2
C000396,0.910866,396,gnn_mule/v2
C000397,0.069360,397,gnn_mule/v2
C000398,0.000012,398,gnn_mule/v2
C000399,0.015548,399,gnn_mule/v2
C000400,0.187667,400,gnn_mule/v2
C000401,0.001013,401,gnn_mule/v2
C000402,0.011824,402,gnn_mule/v2
C000403,0.629081,403,gnn_mule/v2
C000404,1.000000,404,gnn_mule/v2
C000405,0.377195,405,gnn_mule/v2
C000406,0.000003,406,gnn_mule/v2
C000407,0.815762,407,gnn_mule/v2
C000408,0.021135,408,gnn_mule/v2
C000409,0.057671,409,gnn_mule/v2
C000410,0.000002,410,gnn_mule/v2
C000411,0.020382,411,gnn_mule/v2
C000412,0.702613,412,gnn_mule/v2
C000413,0.000326,413,gnn_mule/v2
C000414,0.000308,414,gnn_mule/v2
C000415,0.000566,415,gnn_mule/v2
C000416,0.967230,416,gnn_mule/v2
C000417,0.859351,417,gnn_mule/v2
C000418,0.032748,418,gnn_mule/v2
C000419,0.006802,419,gnn_mule/v2
C000420,0.000000,420,gnn_mule/v2
C000421,0.000001,421,gnn_mule/v2
C000422,0.005195,422,gnn_mule/v2
C000423,0.128104,423,gnn_mule/v2
C000424,0.148972,424,gnn_mule/v2
C000425,0.000197,425,gnn_mule/v2
C000426,0.001411,426,gnn_mule/v2
C000427,0.010448,427,gnn_mule/v2
C000428,0.000018,428,gnn_mule/v2
C000429,0.033340,429,gnn_mule/v2
C000430,0.000010,430,gnn_mule/v2
C000431,0.627768,431,gnn_mule/v2
C000432,0.971897,432,gnn_mule/v2
C000433,0.000600,433,gnn_mule/v2
C000434,0.241504,434,gnn_mule/v2
C000435,0.002429,435,gnn_mule/v2
C000436,0.132031,436,gnn_mule/v2
C000437,0.008271,437,gnn_mule/v2
C000438,0.198808,438,gnn_mule/v2
C000439,0.000009,439,gnn_mule/v2
C000440,0.001163,440,gnn_mule/v2
C000441,0.001410,441,gnn_mule/v2
C000442,0.000694,442,gnn_mule/v2
C000443,0.010430,443,gnn_mule/v2
C000444,0.029294,444,gnn_mule/v2
C000445,0.000004,445,gnn_mule/v2
C000446,0.000000,446,gnn_mule/v2
C000447,0.005247,447,gnn_mule/v2
C000448,0.000001,448,gnn_mule/v2
C000449,0.001264,449,gnn_mule/v2
C000450,0.996209,450,gnn_mule/v2
C000451,0.999969,451,gnn_mule/v2
C000452,0.021677,452,gnn_mule/v2
C000453,0.002917,453,gnn_mule/v2
C000454,0.013065,454,gnn_mule/v2
C000455,0.353929,455,gnn_mule/v2
C000456,0.175421,456,gnn_mule/v2
C000457,0.002420,457,gnn_mule/v2
C000458,0.055898,458,gnn_mule/v2
C000459,0.000003,459,gnn_mule/v2
C000460,0.000000,460,gnn_mule/v2
C000461,0.023720,461,gnn_mule/v2
C000462,0.131601,462,gnn_mule/v2
C000463,0.022832,463,gnn_mule/v2
C000464,0.001052,464,gnn_mule/v2
C000465,0.383651,465,gnn_mule/v2
C000466,0.533226,466,gnn_mule/v2
C000467,0.000000,467,gnn_mule/v2
C000468,0.000447,468,gnn_mule/v2
C000469,0.025015,469,gnn_mule/v2
C000470,0.000025,470,gnn_mule/v2
C000471,0.000039,471,gnn_mule/v2
C000472,0.000022,472,gnn_mule/v2
C000473,0.987724,473,gnn_mule/v2
C000474,0.075763,474,gnn_mule/v2
C000475,0.008514,475,gnn_mule/v2
C000476,0.301597,476,gnn_mule/v2
C000477,0.208992,477,gnn_mule/v2
C000478,0.072803,478,gnn_mule/v2
C000479,0.000028,479,gnn_mule/v2
C000480,0.000096,480,gnn_mule/v2
C000481,0.007826,481,gnn_mule/v2
C000482,0.001636,482,gnn_mule/v2
C000483,0.499231,483,gnn_mule/v2
C000484,0.000501,484,gnn_mule/v2
C000485,0.000092,485,gnn_mule/v2
C000486,0.000010,486,gnn_mule/v2
C000487,0.857351,487,gnn_mule/v2
C000488,0.020849,488,gnn_mule/v2
C000489,0.000345,489,gnn_mule/v2
C000490,0.000696,490,gnn_mule/v2
C000491,0.000007,491,gnn_mule/v2
C000492,0.000078,492,gnn_mule/v2
C000493,0.003793,493,gnn_mule/v2
C000494,0.000696,494,gnn_mule/v2
C000495,0.000327,495,gnn_mule/v2
C000496,0.024831,496,gnn_mule/v2
C000497,0.828635,497,gnn_mule/v2
C000498,0.153654,498,gnn_mule/v2
C000499,0.003042,499,gnn_mule/v2
C000500,0.402334,500,gnn_mule/v2
C000501,0.117424,501,gnn_mule/v2
C000502,0.207303,502,gnn_mule/v2
C000503,0.973351,503,gnn_mule/v2
C000504,0.004888,504,gnn_mule/v2
C000505,0.273526,505,gnn_mule/v2
C000506,0.000000,506,gnn_mule/v2
C000507,0.965300,507,gnn_mule/v2
C000508,0.001611,508,gnn_mule/v2
C000509,0.000006,509,gnn_mule/v2
C000510,0.000000,510,gnn_mule/v2
C000511,0.015758,511,gnn_mule/v2
C000512,0.782937,512,gnn_mule/v2
C000513,0.000110,513,gnn_mule/v2
C000514,0.542160,514,gnn_mule/v2
C000515,0.000050,515,gnn_mule/v2
C000516,0.005235,516,gnn_mule/v2
C000517,0.195848,517,gnn_mule/v2
C000518,0.121456,518,gnn_mule/v2
C000519,0.000367,519,gnn_mule/v2
C000520,0.555069,520,gnn_mule/v2
C000521,0.021531,521,gnn_mule/v2
C000522,0.000153,522,gnn_mule/v2
C000523,0.000021,523,gnn_mule/v2
C000524,0.000037,524,gnn_mule/v2
C000525,0.001621,525,gnn_mule/v2
C000526,0.999894,526,gnn_mule/v2
C000527,0.016255,527,gnn_mule/v2
C000528,0.129656,528,gnn_mule/v2
C000529,0.000173,529,gnn_mule/v2
C000530,0.000092,530,gnn_mule/v2
C000531,0.000144,531,gnn_mule/v2
C000532,0.687553,532,gnn_mule/v2
C000533,0.854451,533,gnn_mule/v2
C000534,0.000079,534,gnn_mule/v2
C000535,0.860304,535,gnn_mule/v2
C000536,0.000352,536,gnn_mule/v2
C000537,0.035110,537,gnn_mule/v2
C000538,0.000254,538,gnn_mule/v2
C000539,0.000186,539,gnn_mule/v2
C000540,0.026340,540,gnn_mule/v2
C000541,0.962260,541,gnn_mule/v2
C000542,0.003305,542,gnn_mule/v2
C000543,0.000201,543,gnn_mule/v2
C000544,0.357027,544,gnn_mule/v2
C000545,0.118261,545,gnn_mule/v2
C000546,0.006251,546,gnn_mule/v2
C000547,0.000001,547,gnn_mule/v2
C000548,0.000015,548,gnn_mule/v2
C000549,0.000001,549,gnn_mule/v2
C000550,0.948264,550,gnn_mule/v2
C000551,0.834059,551,gnn_mule/v2
C000552,0.000904,552,gnn_mule/v2
C000553,0.000579,553,gnn_mule/v2
C000554,0.000502,554,gnn_mule/v2
C000555,0.000001,555,gnn_mule/v2
C000556,0.131562,556,gnn_mule/v2
C000557,0.000004,557,gnn_mule/v2
C000558,0.005490,558,gnn_mule/v2
C000559,0.000000,559,gnn_mule/v2
C000560,0.069375,560,gnn_mule/v2
C000561,0.056725,561,gnn_mule/v2
C000562,0.874160,562,gnn_mule/v2
C000563,0.040712,563,gnn_mule/v2
C000564,0.000022,564,gnn_mule/v2
C000565,0.000120,565,gnn_mule/v2
C000566,0.047541,566,gnn_mule/v2
C000567,0.000042,567,gnn_mule/v2
C000568,0.454588,568,gnn_mule/v2
C000569,0.022832,569,gnn_mule/v2
C000570,0.111272,570,gnn_mule/v2
C000571,0.050520,571,gnn_mule/v2
C000572,0.000301,572,gnn_mule/v2
C000573,0.902377,573,gnn_mule/v2
C000574,0.052109,574,gnn_mule/v2
C000575,0.531650,575,gnn_mule/v2
C000576,0.786439,576,gnn_mule/v2
C000577,0.240272,577,gnn_mule/v2
C000578,0.034802,578,gnn_mule/v2
C000579,0.016868,579,gnn_mule/v2
C000580,0.774290,580,gnn_mule/v2
C000581,0.003542,581,gnn_mule/v2
C000582,0.200640,582,gnn_mule/v2
C000583,0.000018,583,gnn_mule/v2
C000584,0.000046,584,gnn_mule/v2
C000585,0.000000,585,gnn_mule/v2
C000586,0.065066,586,gnn_mule/v2
C000587,0.584592,587,gnn_mule/v2
C000588,0.000011,588,gnn_mule/v2
C000589,0.060426,589,gnn_mule/v2
C000590,0.000107,590,gnn_mule/v2
C000591,0.027028,591,gnn_mule/v2
C000592,0.009305,592,gnn_mule/v2
C000593,0.029140,593,gnn_mule/v2
C000594,0.000211,594,gnn_mule/v2
C000595,0.103922,595,gnn_mule/v2
C000596,0.000917,596,gnn_mule/v2
C000597,0.005080,597,gnn_mule/v2
C000598,0.000213,598,gnn_mule/v2
C000599,0.000006,599,gnn_mule/v2
C000600,0.821169,600,gnn_mule/v2
C000601,0.023884,601,gnn_mule/v2
C000602,0.025637,602,gnn_mule/v2
C000603,0.000748,603,gnn_mule/v2
C000604,0.007038,604,gnn_mule/v2
C000605,0.014140,605,gnn_mule/v2
C000606,0.027582,606,gnn_mule/v2
C000607,0.001159,607,gnn_mule/v2
C000608,0.148673,608,gnn_mule/v2
C000609,0.023121,609,gnn_mule/v2
C000610,0.000001,610,gnn_mule/v2
C000611,0.098038,611,gnn_mule/v2
C000612,0.000265,612,gnn_mule/v2
C000613,0.002175,613,gnn_mule/v2
C000614,0.000001,614,gnn_mule/v2
C000615,0.663259,615,gnn_mule/v2
C000616,0.023136,616,gnn_mule/v2
C000617,0.000155,617,gnn_mule/v2
C000618,0.034528,618,gnn_mule/v2
C000619,0.999956,619,gnn_mule/v2
C000620,0.137516,620,gnn_mule/v2
C000621,0.000004,621,gnn_mule/v2
C000622,0.039245,622,gnn_mule/v2
C000623,0.031475,623,gnn_mule/v2
C000624,0.001101,624,gnn_mule/v2
C000625,0.000004,625,gnn_mule/v2
C000626,0.007680,626,gnn_mule/v2
C000627,0.239852,627,gnn_mule/v2
C000628,0.001608,628,gnn_mule/v2
C000629,0.000007,629,gnn_mule/v2
C000630,0.000217,630,gnn_mule/v2
C000631,0.004475,631,gnn_mule/v2
C000632,0.077450,632,gnn_mule/v2
C000633,0.978295,633,gnn_mule/v2
C000634,0.000164,634,gnn_mule/v2
C000635,1.000000,635,gnn_mule/v2
C000636,0.000094,636,gnn_mule/v2
C000637,0.744637,637,gnn_mule/v2
C000638,0.957627,638,gnn_mule/v2
C000639,0.282747,639,gnn_mule/v2
C000640,0.956348,640,gnn_mule/v2
C000641,0.972227,641,gnn_mule/v2
C000642,0.000311,642,gnn_mule/v2
C000643,0.003159,643,gnn_mule/v2
C000644,0.999320,644,gnn_mule/v2
C000645,0.011827,645,gnn_mule/v2
C000646,0.000002,646,gnn_mule/v2
C000647,0.081100,647,gnn_mule/v2
C000648,0.999988,648,gnn_mule/v2
C000649,0.410680,649,gnn_mule/v2
C000650,0.002775,650,gnn_mule/v2
C000651,0.015800,651,gnn_mule/v2
C000652,0.329061,652,gnn_mule/v2
C000653,0.322493,653,gnn_mule/v2
C000654,0.000000,654,gnn_mule/v2
C000655,0.007297,655,gnn_mule/v2
C000656,0.000028,656,gnn_mule/v2
C000657,0.000001,657,gnn_mule/v2
C000658,0.106074,658,gnn_mule/v2
C000659,0.000094,659,gnn_mule/v2
C000660,0.000792,660,gnn_mule/v2
C000661,0.001279,661,gnn_mule/v2
C000662,0.000014,662,gnn_mule/v2
C000663,0.776910,663,gnn_mule/v2
C000664,0.000001,664,gnn_mule/v2
C000665,0.003513,665,gnn_mule/v2
C000666,0.002178,666,gnn_mule/v2
C000667,0.000051,667,gnn_mule/v2
C000668,0.016189,668,gnn_mule/v2
C000669,0.000555,669,gnn_mule/v2
C000670,0.000457,670,gnn_mule/v2
C000671,0.000000,671,gnn_mule/v2
C000672,0.000843,672,gnn_mule/v2
C000673,0.000203,673,gnn_mule/v2
C000674,0.042047,674,gnn_mule/v2
C000675,0.001051,675,gnn_mule/v2
C000676,0.000246,676,gnn_mule/v2
C000677,0.000981,677,gnn_mule/v2
C000678,0.021922,678,gnn_mule/v2
C000679,0.013943,679,gnn_mule/v2
C000680,0.987570,680,gnn_mule/v2
C000681,0.000005,681,gnn_mule/v2
C000682,0.042603,682,gnn_mule/v2
C000683,0.000204,683,gnn_mule/v2
C000684,0.044442,684,gnn_mule/v2
C000685,0.758920,685,gnn_mule/v2
C000686,0.026421,686,gnn_mule/v2
C000687,0.003088,687,gnn_mule/v2
C000688,0.029757,688,gnn_mule/v2
C000689,0.003193,689,gnn_mule/v2
C000690,0.000010,690,gnn_mule/v2
C000691,0.007113,691,gnn_mule/v2
C000692,0.000203,692,gnn_mule/v2
C000693,0.000179,693,gnn_mule/v2
C000694,0.000100,694,gnn_mule/v2
C000695,0.000086,695,gnn_mule/v2
C000696,0.007554,696,gnn_mule/v2
C000697,0.004167,697,gnn_mule/v2
C000698,0.000000,698,gnn_mule/v2
C000699,0.000020,699,gnn_mule/v2
C000700,0.000001,700,gnn_mule/v2
C000701,0.000147,701,gnn_mule/v2
C000702,0.000489,702,gnn_mule/v2
C000703,0.001843,703,gnn_mule/v2
C000704,0.000011,704,gnn_mule/v2
C000705,0.000005,705,gnn_mule/v2
C000706,0.001109,706,gnn_mule/v2
C000707,0.004861,707,gnn_mule/v2
C000708,0.001234,708,gnn_mule/v2
C000709,0.036090,709,gnn_mule/v2
C000710,0.001662,710,gnn_mule/v2
C000711,0.067199,711,gnn_mule/v2
C000712,0.983911,712,gnn_mule/v2
C000713,0.000329,713,gnn_mule/v2
C000714,0.141195,714,gnn_mule/v2
C000715,0.237805,715,gnn_mule/v2
C000716,0.000000,716,gnn_mule/v2
C000717,0.000002,717,gnn_mule/v2
C000718,0.002905,718,gnn_mule/v2
C000719,0.145351,719,gnn_mule/v2
C000720,0.000473,720,gnn_mule/v2
C000721,0.865469,721,gnn_mule/v2
C000722,0.004196,722,gnn_mule/v2
C000723,0.000137,723,gnn_mule/v2
C000724,0.000015,724,gnn_mule/v2
C000725,0.043577,725,gnn_mule/v2
C000726,0.014748,726,gnn_mule/v2
C000727,0.000437,727,gnn_mule/v2
C000728,0.000495,728,gnn_mule/v2
C000729,0.030058,729,gnn_mule/v2
C000730,0.991239,730,gnn_mule/v2
C000731,0.000034,731,gnn_mule/v2
C000732,0.048570,732,gnn_mule/v2
C000733,0.020713,733,gnn_mule/v2
C000734,0.001211,734,gnn_mule/v2
C000735,0.019528,735,gnn_mule/v2
C000736,0.043644,736,gnn_mule/v2
C000737,0.025156,737,gnn_mule/v2
C000738,0.003570,738,gnn_mule/v2
C000739,0.079846,739,gnn_mule/v2
C000740,0.201974,740,gnn_mule/v2
C000741,0.084448,741,gnn_mule/v2
C000742,0.000074,742,gnn_mule/v2
C000743,0.105823,743,gnn_mule/v2
C000744,0.927651,744,gnn_mule/v2
C000745,0.000002,745,gnn_mule/v2
C000746,0.982940,746,gnn_mule/v2
C000747,0.000230,747,gnn_mule/v2
C000748,0.388910,748,gnn_mule/v2
C000749,0.999969,749,gnn_mule/v2
C000750,0.005662,750,gnn_mule/v2
C000751,0.000124,751,gnn_mule/v2
C000752,0.083051,752,gnn_mule/v2
C000753,0.000272,753,gnn_mule/v2
C000754,0.000000,754,gnn_mule/v2
C000755,0.004355,755,gnn_mule/v2
C000756,0.000284,756,gnn_mule/v2
C000757,0.000001,757,gnn_mule/v2
C000758,0.000010,758,gnn_mule/v2
C000759,0.000845,759,gnn_mule/v2
C000760,0.000009,760,gnn_mule/v2
C000761,0.944667,761,gnn_mule/v2
C000762,0.002877,762,gnn_mule/v2
C000763,0.001788,763,gnn_mule/v2
C000764,0.000008,764,gnn_mule/v2
C000765,0.001532,765,gnn_mule/v2
C000766,0.086756,766,gnn_mule/v2
C000767,0.000004,767,gnn_mule/v2
C000768,0.199898,768,gnn_mule/v2
C000769,0.000033,769,gnn_mule/v2
C000770,0.113838,770,gnn_mule/v2
C000771,0.002622,771,gnn_mule/v2
C000772,0.841909,772,gnn_mule/v2
C000773,0.000018,773,gnn_mule/v2
C000774,0.000000,774,gnn_mule/v2
C000775,0.038562,775,gnn_mule/v2
C000776,0.137450,776,gnn_mule/v2
C000777,0.002146,777,gnn_mule/v2
C000778,0.993933,778,gnn_mule/v2
C000779,0.915243,779,gnn_mule/v2
C000780,0.089689,780,gnn_mule/v2
C000781,0.000415,781,gnn_mule/v2
C000782,0.090502,782,gnn_mule/v2
C000783,0.008549,783,gnn_mule/v2
C000784,0.011836,784,gnn_mule/v2
C000785,0.003028,785,gnn_mule/v2
C000786,0.000020,786,gnn_mule/v2
C000787,0.195578,787,gnn_mule/v2
C000788,0.022992,788,gnn_mule/v2
C000789,0.001620,789,gnn_mule/v2
C000790,0.096780,790,gnn_mule/v2
C000791,0.015590,791,gnn_mule/v2
C000792,0.000027,792,gnn_mule/v2
C000793,0.291463,793,gnn_mule/v2
C000794,0.013519,794,gnn_mule/v2
C000795,0.038347,795,gnn_mule/v2
C000796,0.076292,796,gnn_mule/v2
C000797,0.054476,797,gnn_mule/v2
C000798,0.012561,798,gnn_mule/v2
C000799,0.000971,799,gnn_mule/v2
C000800,0.000406,800,gnn_mule/v2
C000801,0.000008,801,gnn_mule/v2
C000802,0.000036,802,gnn_mule/v2
C000803,0.202301,803,gnn_mule/v2
C000804,0.000193,804,gnn_mule/v2
C000805,0.146583,805,gnn_mule/v2
C000806,0.012526,806,gnn_mule/v2
C000807,0.009622,807,gnn_mule/v2
C000808,0.383938,808,gnn_mule/v2
C000809,0.213600,809,gnn_mule/v2
C000810,0.010408,810,gnn_mule/v2
C000811,0.033683,811,gnn_mule/v2
C000812,0.139020,812,gnn_mule/v2
C000813,0.296685,813,gnn_mule/v2
C000814,0.027442,814,gnn_mule/v2
C000815,0.077408,815,gnn_mule/v2
C000816,0.202922,816,gnn_mule/v2
C000817,0.068368,817,gnn_mule/v2
C000818,0.000149,818,gnn_mule/v2
C000819,0.000000,819,gnn_mule/v2
C000820,0.066199,820,gnn_mule/v2
C000821,0.614659,821,gnn_mule/v2
C000822,0.002325,822,gnn_mule/v2
C000823,0.044748,823,gnn_mule/v2
C000824,0.000189,824,gnn_mule/v2
C000825,0.000363,825,gnn_mule/v2
C000826,0.000045,826,gnn_mule/v2
C000827,0.713210,827,gnn_mule/v2
C000828,0.141113,828,gnn_mule/v2
C000829,0.559879,829,gnn_mule/v2
C000830,0.000224,830,gnn_mule/v2
C000831,0.000020,831,gnn_mule/v2
C000832,0.042184,832,gnn_mule/v2
C000833,0.000002,833,gnn_mule/v2
C000834,0.317585,834,gnn_mule/v2
C000835,0.556848,835,gnn_mule/v2
C000836,0.003384,836,gnn_mule/v2
C000837,0.936839,837,gnn_mule/v2
C000838,0.000000,838,gnn_mule/v2
C000839,0.003670,839,gnn_mule/v2
C000840,0.577968,840,gnn_mule/v2
C000841,0.000001,841,gnn_mule/v2
C000842,0.067793,842,gnn_mule/v2
C000843,0.005533,843,gnn_mule/v2
C000844,0.044777,844,gnn_mule/v2
C000845,0.120507,845,gnn_mule/v2
C000846,0.000004,846,gnn_mule/v2
C000847,0.005451,847,gnn_mule/v2
C000848,0.004206,848,gnn_mule/v2
C000849,0.029974,849,gnn_mule/v2
C000850,0.000334,850,gnn_mule/v2
C000851,0.468283,851,gnn_mule/v2
C000852,0.000000,852,gnn_mule/v2
C000853,0.000048,853,gnn_mule/v2
C000854,0.475526,854,gnn_mule/v2
C000855,0.000048,855,gnn_mule/v2
C000856,0.000233,856,gnn_mule/v2
C000857,0.000000,857,gnn_mule/v2
C000858,0.028654,858,gnn_mule/v2
C000859,0.203026,859,gnn_mule/v2
C000860,0.009798,860,gnn_mule/v2
C000861,0.000341,861,gnn_mule/v2
C000862,0.248829,862,gnn_mule/v2
C000863,0.000112,863,gnn_mule/v2
C000864,0.000101,864,gnn_mule/v2
C000865,0.003707,865,gnn_mule/v2
C000866,0.000492,866,gnn_mule/v2
C000867,0.428160,867,gnn_mule/v2
C000868,0.000024,868,gnn_mule/v2
C000869,0.000559,869,gnn_mule/v2
C000870,0.002052,870,gnn_mule/v2
C000871,0.020440,871,gnn_mule/v2
C000872,0.000001,872,gnn_mule/v2
C000873,0.008098,873,gnn_mule/v2
C000874,0.004767,874,gnn_mule/v2
C000875,0.000172,875,gnn_mule/v2
C000876,0.000176,876,gnn_mule/v2
C000877,0.000000,877,gnn_mule/v2
C000878,0.005219,878,gnn_mule/v2
C000879,0.040812,879,gnn_mule/v2
C000880,0.358674,880,gnn_mule/v2
C000881,0.001029,881,gnn_mule/v2
C000882,0.000606,882,gnn_mule/v2
C000883,0.829430,883,gnn_mule/v2
C000884,0.140766,884,gnn_mule/v2
C000885,0.103585,885,gnn_mule/v2
C000886,0.587645,886,gnn_mule/v2
C000887,0.006426,887,gnn_mule/v2
C000888,0.092905,888,gnn_mule/v2
C000889,0.002600,889,gnn_mule/v2
C000890,0.121676,890,gnn_mule/v2
C000891,0.547209,891,gnn_mule/v2
C000892,0.000131,892,gnn_mule/v2
C000893,0.000631,893,gnn_mule/v2
C000894,0.031816,894,gnn_mule/v2
C000895,0.022767,895,gnn_mule/v2
C000896,0.995805,896,gnn_mule/v2
C000897,0.002385,897,gnn_mule/v2
C000898,0.013788,898,gnn_mule/v2
C000899,0.000008,899,gnn_mule/v2
C000900,0.344378,900,gnn_mule/v2
C000901,0.000020,901,gnn_mule/v2
C000902,0.375274,902,gnn_mule/v2
C000903,0.617332,903,gnn_mule/v2
C000904,0.291265,904,gnn_mule/v2
C000905,0.345416,905,gnn_mule/v2
C000906,0.000078,906,gnn_mule/v2
C000907,0.012245,907,gnn_mule/v2
C000908,0.000464,908,gnn_mule/v2
C000909,0.948309,909,gnn_mule/v2
C000910,0.003480,910,gnn_mule/v2
C000911,0.000981,911,gnn_mule/v2
C000912,0.082141,912,gnn_mule/v2
C000913,0.005530,913,gnn_mule/v2
C000914,0.054313,914,gnn_mule/v2
C000915,0.021862,915,gnn_mule/v2
C000916,0.263687,916,gnn_mule/v2
C000917,0.003146,917,gnn_mule/v2
C000918,0.000003,918,gnn_mule/v2
C000919,0.006637,919,gnn_mule/v2
C000920,0.001600,920,gnn_mule/v2
C000921,0.302457,921,gnn_mule/v2
C000922,0.000249,922,gnn_mule/v2
C000923,0.000071,923,gnn_mule/v2
C000924,0.000018,924,gnn_mule/v2
C000925,0.939237,925,gnn_mule/v2
C000926,0.465168,926,gnn_mule/v2
C000927,0.009694,927,gnn_mule/v2
C000928,0.018214,928,gnn_mule/v2
C000929,0.003733,929,gnn_mule/v2
C000930,0.000033,930,gnn_mule/v2
C000931,0.013413,931,gnn_mule/v2
C000932,0.002616,932,gnn_mule/v2
C000933,0.035730,933,gnn_mule/v2
C000934,0.001147,934,gnn_mule/v2
C000935,0.876488,935,gnn_mule/v2
C000936,0.013381,936,gnn_mule/v2
C000937,0.652590,937,gnn_mule/v2
C000938,0.138804,938,gnn_mule/v2
C000939,0.485090,939,gnn_mule/v2
C000940,0.031404,940,gnn_mule/v2
C000941,0.021116,941,gnn_mule/v2
C000942,0.105257,942,gnn_mule/v2
C000943,0.000001,943,gnn_mule/v2
C000944,0.068194,944,gnn_mule/v2
C000945,0.000763,945,gnn_mule/v2
C000946,0.000598,946,gnn_mule/v2
C000947,0.069040,947,gnn_mule/v2
C000948,0.000076,948,gnn_mule/v2
C000949,0.002056,949,gnn_mule/v2
C000950,0.000027,950,gnn_mule/v2
C000951,0.000641,951,gnn_mule/v2
C000952,0.002062,952,gnn_mule/v2
C000953,0.023626,953,gnn_mule/v2
C000954,0.000000,954,gnn_mule/v2
C000955,0.000642,955,gnn_mule/v2
C000956,0.000074,956,gnn_mule/v2
C000957,0.048352,957,gnn_mule/v2
C000958,0.000027,958,gnn_mule/v2
C000959,0.826344,959,gnn_mule/v2
C000960,0.009769,960,gnn_mule/v2
C000961,0.028368,961,gnn_mule/v2
C000962,0.008264,962,gnn_mule/v2
C000963,0.001231,963,gnn_mule/v2
C000964,0.002112,964,gnn_mule/v2
C000965,0.999944,965,gnn_mule/v2
C000966,0.000001,966,gnn_mule/v2
C000967,0.018245,967,gnn_mule/v2
C000968,0.027349,968,gnn_mule/v2
C000969,0.598906,969,gnn_mule/v2
C000970,0.000000,970,gnn_mule/v2
C000971,0.002193,971,gnn_mule/v2
C000972,0.654354,972,gnn_mule/v2
C000973,0.105722,973,gnn_mule/v2
C000974,0.000005,974,gnn_mule/v2
C000975,0.000136,975,gnn_mule/v2
C000976,0.000005,976,gnn_mule/v2
C000977,0.377784,977,gnn_mule/v2
C000978,0.000093,978,gnn_mule/v2
C000979,0.007343,979,gnn_mule/v2
C000980,0.884961,980,gnn_mule/v2
C000981,0.000000,981,gnn_mule/v2
C000982,0.000002,982,gnn_mule/v2
C000983,0.412623,983,gnn_mule/v2
C000984,0.001905,984,gnn_mule/v2
C000985,0.195425,985,gnn_mule/v2
C000986,0.450124,986,gnn_mule/v2
C000987,0.059357,987,gnn_mule/v2
C000988,0.884123,988,gnn_mule/v2
C000989,0.001293,989,gnn_mule/v2
C000990,0.013518,990,gnn_mule/v2
C000991,0.000034,991,gnn_mule/v2
C000992,0.218832,992,gnn_mule/v2
C000993,0.683584,993,gnn_mule/v2
C000994,0.142695,994,gnn_mule/v2
C000995,0.000134,995,gnn_mule/v2
C000996,0.000001,996,gnn_mule/v2
C000997,0.110599,997,gnn_mule/v2
C000998,0.000059,998,gnn_mule/v2
C000999,0.000459,999,gnn_mule/v2
C001000,0.260582,1000,gnn_mule/v2
C001001,0.592435,1001,gnn_mule/v2
C001002,0.000002,1002,gnn_mule/v2
C001003,0.005979,1003,gnn_mule/v2
C001004,0.680998,1004,gnn_mule/v2
C001005,0.065460,1005,gnn_mule/v2
C001006,0.069344,1006,gnn_mule/v2
C001007,0.002669,1007,gnn_mule/v2
C001008,0.002983,1008,gnn_mule/v2
C001009,0.069610,1009,gnn_mule/v2
C001010,0.046228,1010,gnn_mule/v2
C001011,0.002102,1011,gnn_mule/v2
C001012,0.000514,1012,gnn_mule/v2
C001013,0.179392,1013,gnn_mule/v2
C001014,0.567329,1014,gnn_mule/v2
C001015,0.000589,1015,gnn_mule/v2
C001016,0.000031,1016,gnn_mule/v2
C001017,0.004373,1017,gnn_mule/v2
C001018,0.206458,1018,gnn_mule/v2
C001019,0.000036,1019,gnn_mule/v2
C001020,0.000003,1020,gnn_mule/v2
C001021,0.177359,1021,gnn_mule/v2
C001022,0.056142,1022,gnn_mule/v2
C001023,0.000026,1023,gnn_mule/v2
C001024,0.000006,1024,gnn_mule/v2
C001025,0.633883,1025,gnn_mule/v2
C001026,0.000647,1026,gnn_mule/v2
C001027,0.000046,1027,gnn_mule/v2
C001028,0.004841,1028,gnn_mule/v2
C001029,0.115019,1029,gnn_mule/v2
C001030,0.001106,1030,gnn_mule/v2
C001031,0.012408,1031,gnn_mule/v2
C001032,0.617446,1032,gnn_mule/v2
C001033,0.000951,1033,gnn_mule/v2
C001034,0.000645,1034,gnn_mule/v2
C001035,0.000000,1035,gnn_mule/v2
C001036,0.048016,1036,gnn_mule/v2
C001037,0.000003,1037,gnn_mule/v2
C001038,0.000004,1038,gnn_mule/v2
C001039,0.000835,1039,gnn_mule/v2
C001040,0.463398,1040,gnn_mule/v2
C001041,0.952824,1041,gnn_mule/v2
C001042,0.000001,1042,gnn_mule/v2
C001043,0.000030,1043,gnn_mule/v2
C001044,0.000002,1044,gnn_mule/v2
C001045,0.042258,1045,gnn_mule/v2
C001046,0.013226,1046,gnn_mule/v2
C001047,0.000558,1047,gnn_mule/v2
C001048,0.002666,1048,gnn_mule/v2
C001049,0.094183,1049,gnn_mule/v2
C001050,0.000004,1050,gnn_mule/v2
C001051,0.284656,1051,gnn_mule/v2
C001052,0.000295,1052,gnn_mule/v2
C001053,0.402181,1053,gnn_mule/v2
C001054,0.001097,1054,gnn_mule/v2
C001055,0.288015,1055,gnn_mule/v2
C001056,0.002166,1056,gnn_mule/v2
C001057,0.000006,1057,gnn_mule/v2
C001058,0.229461,1058,gnn_mule/v2
C001059,0.000027,1059,gnn_mule/v2
C001060,0.119652,1060,gnn_mule/v2
C001061,0.483070,1061,gnn_mule/v2
C001062,0.779673,1062,gnn_mule/v2
C001063,0.001400,1063,gnn_mule/v2
C001064,0.624809,1064,gnn_mule/v2
C001065,0.000089,1065,gnn_mule/v2
C001066,0.003449,1066,gnn_mule/v2
C001067,0.006115,1067,gnn_mule/v2
C001068,0.003217,1068,gnn_mule/v2
C001069,0.117374,1069,gnn_mule/v2
C001070,0.015473,1070,gnn_mule/v2
C001071,0.000047,1071,gnn_mule/v2
C001072,0.000037,1072,gnn_mule/v2
C001073,0.000009,1073,gnn_mule/v2
C001074,0.000002,1074,gnn_mule/v2
C001075,0.016588,1075,gnn_mule/v2
C001076,0.000655,1076,gnn_mule/v2
C001077,0.980255,1077,gnn_mule/v2
C001078,0.000002,1078,gnn_mule/v2
C001079,0.001133,1079,gnn_mule/v2
C001080,0.959757,1080,gnn_mule/v2
C001081,0.000708,1081,gnn_mule/v2
C001082,0.782617,1082,gnn_mule/v2
C001083,0.000228,1083,gnn_mule/v2
C001084,0.946011,1084,gnn_mule/v2
C001085,0.001127,1085,gnn_mule/v2
C001086,0.001096,1086,gnn_mule/v2
C001087,0.073042,1087,gnn_mule/v2
C001088,0.000042,1088,gnn_mule/v2
C001089,0.000098,1089,gnn_mule/v2
C001090,0.054453,1090,gnn_mule/v2
C001091,0.000163,1091,gnn_mule/v2
C001092,0.000001,1092,gnn_mule/v2
C001093,0.055721,1093,gnn_mule/v2
C001094,0.000199,1094,gnn_mule/v2
C001095,0.000023,1095,gnn_mule/v2
C001096,0.000008,1096,gnn_mule/v2
C001097,0.073385,1097,gnn_mule/v2
C001098,0.000000,1098,gnn_mule/v2
C001099,0.000001,1099,gnn_mule/v2
C001100,0.392992,1100,gnn_mule/v2
C001101,0.053880,1101,gnn_mule/v2
C001102,0.460805,1102,gnn_mule/v2
C001103,0.084126,1103,gnn_mule/v2
C001104,0.000038,1104,gnn_mule/v2
C001105,0.560456,1105,gnn_mule/v2
C001106,0.003616,1106,gnn_mule/v2
C001107,0.067335,1107,gnn_mule/v2
C001108,0.005486,1108,gnn_mule/v2
C001109,0.000000,1109,gnn_mule/v2
C001110,0.000276,1110,gnn_mule/v2
C001111,0.002844,1111,gnn_mule/v2
C001112,0.000006,1112,gnn_mule/v2
C001113,0.042397,1113,gnn_mule/v2
C001114,0.000000,1114,gnn_mule/v2
C001115,0.008454,1115,gnn_mule/v2
C001116,0.006893,1116,gnn_mule/v2
C001117,0.139602,1117,gnn_mule/v2
C001118,0.000028,1118,gnn_mule/v2
C001119,0.979726,1119,gnn_mule/v2
C001120,0.228906,1120,gnn_mule/v2
C001121,0.001303,1121,gnn_mule/v2
C001122,0.157819,1122,gnn_mule/v2
C001123,0.000001,1123,gnn_mule/v2
C001124,0.010775,1124,gnn_mule/v2
C001125,0.000002,1125,gnn_mule/v2
C001126,0.199639,1126,gnn_mule/v2
C001127,0.909505,1127,gnn_mule/v2
C001128,0.000376,1128,gnn_mule/v2
C001129,0.130721,1129,gnn_mule/v2
C001130,0.000209,1130,gnn_mule/v2
C001131,0.493407,1131,gnn_mule/v2
C001132,0.038728,1132,gnn_mule/v2
C001133,0.000000,1133,gnn_mule/v2
C001134,0.000041,1134,gnn_mule/v2
C001135,0.524768,1135,gnn_mule/v2
C001136,0.000003,1136,gnn_mule/v2
C001137,0.015646,1137,gnn_mule/v2
C001138,0.007106,1138,gnn_mule/v2
C001139,0.417254,1139,gnn_mule/v2
C001140,0.000020,1140,gnn_mule/v2
C001141,0.037460,1141,gnn_mule/v2
C001142,0.000042,1142,gnn_mule/v2
C001143,0.595284,1143,gnn_mule/v2
C001144,0.000208,1144,gnn_mule/v2
C001145,0.001226,1145,gnn_mule/v2
C001146,0.798474,1146,gnn_mule/v2
C001147,0.049580,1147,gnn_mule/v2
C001148,0.000199,1148,gnn_mule/v2
C001149,0.000077,1149,gnn_mule/v2
C001150,0.446897,1150,gnn_mule/v2
C001151,0.681974,1151,gnn_mule/v2
C001152,0.027140,1152,gnn_mule/v2
C001153,0.000042,1153,gnn_mule/v2
C001154,0.000744,1154,gnn_mule/v2
C001155,0.317076,1155,gnn_mule/v2
C001156,0.102776,1156,gnn_mule/v2
C001157,0.000977,1157,gnn_mule/v2
C001158,0.734990,1158,gnn_mule/v2
C001159,0.004969,1159,gnn_mule/v2
C001160,0.000018,1160,gnn_mule/v2
C001161,0.019572,1161,gnn_mule/v2
C001162,0.746216,1162,gnn_mule/v2
C001163,0.568662,1163,gnn_mule/v2
C001164,0.035241,1164,gnn_mule/v2
C001165,0.000128,1165,gnn_mule/v2
C001166,0.000001,1166,gnn_mule/v2
C001167,0.003588,1167,gnn_mule/v2
C001168,0.015479,1168,gnn_mule/v2
C001169,0.371258,1169,gnn_mule/v2
C001170,0.081106,1170,gnn_mule/v2
C001171,0.000898,1171,gnn_mule/v2
C001172,0.262749,1172,gnn_mule/v2
C001173,0.047721,1173,gnn_mule/v2
C001174,0.000000,1174,gnn_mule/v2
C001175,0.000009,1175,gnn_mule/v2
C001176,0.001196,1176,gnn_mule/v2
C001177,0.000470,1177,gnn_mule/v2
C001178,0.000003,1178,gnn_mule/v2
C001179,0.231704,1179,gnn_mule/v2
C001180,0.021134,1180,gnn_mule/v2
C001181,0.001874,1181,gnn_mule/v2
C001182,0.000006,1182,gnn_mule/v2
C001183,0.000022,1183,gnn_mule/v2
C001184,0.000001,1184,gnn_mule/v2
C001185,0.105964,1185,gnn_mule/v2
C001186,0.118889,1186,gnn_mule/v2
C001187,0.781111,1187,gnn_mule/v2
C001188,0.010762,1188,gnn_mule/v2
C001189,0.003465,1189,gnn_mule/v2
C001190,0.000000,1190,gnn_mule/v2
C001191,0.000004,1191,gnn_mule/v2
C001192,0.025460,1192,gnn_mule/v2
C001193,0.057876,1193,gnn_mule/v2
C001194,0.152063,1194,gnn_mule/v2
C001195,0.005997,1195,gnn_mule/v2
C001196,0.204432,1196,gnn_mule/v2
C001197,0.001010,1197,gnn_mule/v2
C001198,0.000000,1198,gnn_mule/v2
C001199,0.006836,1199,gnn_mule/v2
C001200,0.052720,1200,gnn_mule/v2
C001201,0.348855,1201,gnn_mule/v2
C001202,0.000015,1202,gnn_mule/v2
C001203,0.768934,1203,gnn_mule/v2
C001204,0.014781,1204,gnn_mule/v2
C001205,0.001212,1205,gnn_mule/v2
C001206,0.000000,1206,gnn_mule/v2
C001207,0.350572,1207,gnn_mule/v2
C001208,0.112224,1208,gnn_mule/v2
C001209,0.000003,1209,gnn_mule/v2
C001210,0.000291,1210,gnn_mule/v2
C001211,0.493908,1211,gnn_mule/v2
C001212,0.979093,1212,gnn_mule/v2
C001213,0.023509,1213,gnn_mule/v2
C001214,0.314055,1214,gnn_mule/v2
C001215,0.071915,1215,gnn_mule/v2
C001216,0.020815,1216,gnn_mule/v2
C001217,0.166687,1217,gnn_mule/v2
C001218,0.000006,1218,gnn_mule/v2
C001219,0.113376,1219,gnn_mule/v2
C001220,0.005222,1220,gnn_mule/v2
C001221,0.000000,1221,gnn_mule/v2
C001222,0.020788,1222,gnn_mule/v2
C001223,0.000001,1223,gnn_mule/v2
C001224,0.000050,1224,gnn_mule/v2
C001225,0.851746,1225,gnn_mule/v2
C001226,0.067165,1226,gnn_mule/v2
C001227,0.000049,1227,gnn_mule/v2
C001228,0.000641,1228,gnn_mule/v2
C001229,0.000824,1229,gnn_mule/v2
C001230,0.063971,1230,gnn_mule/v2
C001231,0.001625,1231,gnn_mule/v2
C001232,0.033998,1232,gnn_mule/v2
C001233,0.000000,1233,gnn_mule/v2
C001234,0.786629,1234,gnn_mule/v2
C001235,0.000007,1235,gnn_mule/v2
C001236,0.008607,1236,gnn_mule/v2
C001237,0.000331,1237,gnn_mule/v2
C001238,0.000005,1238,gnn_mule/v2
C001239,0.000013,1239,gnn_mule/v2
C001240,0.374520,1240,gnn_mule/v2
C001241,0.286320,1241,gnn_mule/v2
C001242,0.004168,1242,gnn_mule/v2
C001243,0.507184,1243,gnn_mule/v2
C001244,0.000168,1244,gnn_mule/v2
C001245,0.000000,1245,gnn_mule/v2
C001246,0.383813,1246,gnn_mule/v2
C001247,0.001328,1247,gnn_mule/v2
C001248,0.000002,1248,gnn_mule/v2
C001249,0.716675,1249,gnn_mule/v2
C001250,0.440335,1250,gnn_mule/v2
C001251,0.003081,1251,gnn_mule/v2
C001252,0.000039,1252,gnn_mule/v2
C001253,0.245551,1253,gnn_mule/v2
C001254,0.001045,1254,gnn_mule/v2
C001255,0.923929,1255,gnn_mule/v2
C001256,0.000140,1256,gnn_mule/v2
C001257,0.017470,1257,gnn_mule/v2
C001258,0.000906,1258,gnn_mule/v2
C001259,0.000152,1259,gnn_mule/v2
C001260,0.000023,1260,gnn_mule/v2
C001261,0.000245,1261,gnn_mule/v2
C001262,0.011276,1262,gnn_mule/v2
C001263,0.000013,1263,gnn_mule/v2
C001264,0.174530,1264,gnn_mule/v2
C001265,0.000013,1265,gnn_mule/v2
C001266,0.017532,1266,gnn_mule/v2
C001267,0.000017,1267,gnn_mule/v2
C001268,0.834251,1268,gnn_mule/v2
C001269,0.000000,1269,gnn_mule/v2
C001270,0.001896,1270,gnn_mule/v2
C001271,0.251111,1271,gnn_mule/v2
C001272,0.000229,1272,gnn_mule/v2
C001273,0.069440,1273,gnn_mule/v2
C001274,0.982467,1274,gnn_mule/v2
C001275,0.001028,1275,gnn_mule/v2
C001276,0.498870,1276,gnn_mule/v2
C001277,0.000011,1277,gnn_mule/v2
C001278,0.000857,1278,gnn_mule/v2
C001279,0.002459,1279,gnn_mule/v2
C001280,0.000000,1280,gnn_mule/v2
C001281,0.001027,1281,gnn_mule/v2
C001282,0.000022,1282,gnn_mule/v2
C001283,0.046695,1283,gnn_mule/v2
C001284,0.006293,1284,gnn_mule/v2
C001285,0.135461,1285,gnn_mule/v2
C001286,0.000001,1286,gnn_mule/v2
C001287,0.934481,1287,gnn_mule/v2
C001288,0.000061,1288,gnn_mule/v2
C001289,0.000091,1289,gnn_mule/v2
C001290,0.002275,1290,gnn_mule/v2
C001291,0.077608,1291,gnn_mule/v2
C001292,0.671534,1292,gnn_mule/v2
C001293,0.000153,1293,gnn_mule/v2
C001294,0.061954,1294,gnn_mule/v2
C001295,0.072512,1295,gnn_mule/v2
C001296,0.159246,1296,gnn_mule/v2
C001297,0.749011,1297,gnn_mule/v2
C001298,0.000031,1298,gnn_mule/v2
C001299,0.033288,1299,gnn_mule/v2
C001300,0.023359,1300,gnn_mule/v2
C001301,0.054134,1301,gnn_mule/v2
C001302,0.000006,1302,gnn_mule/v2
C001303,0.005959,1303,gnn_mule/v2
C001304,0.749025,1304,gnn_mule/v2
C001305,0.155234,1305,gnn_mule/v2
C001306,0.000011,1306,gnn_mule/v2
C001307,0.000036,1307,gnn_mule/v2
C001308,0.000385,1308,gnn_mule/v2
C001309,0.001017,1309,gnn_mule/v2
C001310,0.000170,1310,gnn_mule/v2
C001311,0.029421,1311,gnn_mule/v2
C001312,0.190846,1312,gnn_mule/v2
C001313,0.572666,1313,gnn_mule/v2
C001314,0.004236,1314,gnn_mule/v2
C001315,0.017296,1315,gnn_mule/v2
C001316,0.004377,1316,gnn_mule/v2
C001317,0.000546,1317,gnn_mule/v2
C001318,0.000004,1318,gnn_mule/v2
C001319,0.005920,1319,gnn_mule/v2
C001320,0.149709,1320,gnn_mule/v2
C001321,0.000235,1321,gnn_mule/v2
C001322,0.549979,1322,gnn_mule/v2
C001323,0.000479,1323,gnn_mule/v2
C001324,0.002057,1324,gnn_mule/v2
C001325,0.000005,1325,gnn_mule/v2
C001326,0.009702,1326,gnn_mule/v2
C001327,0.006027,1327,gnn_mule/v2
C001328,0.340803,1328,gnn_mule/v2
C001329,0.005866,1329,gnn_mule/v2
C001330,0.833313,1330,gnn_mule/v2
C001331,0.000622,1331,gnn_mule/v2
C001332,0.014540,1332,gnn_mule/v2
C001333,0.000022,1333,gnn_mule/v2
C001334,0.002206,1334,gnn_mule/v2
C001335,0.000000,1335,gnn_mule/v2
C001336,0.944065,1336,gnn_mule/v2
C001337,0.931553,1337,gnn_mule/v2
C001338,0.000006,1338,gnn_mule/v2
C001339,0.487322,1339,gnn_mule/v2
C001340,0.000007,1340,gnn_mule/v2
C001341,0.021175,1341,gnn_mule/v2
C001342,0.000073,1342,gnn_mule/v2
C001343,0.000313,1343,gnn_mule/v2
C001344,0.254774,1344,gnn_mule/v2
C001345,0.001444,1345,gnn_mule/v2
C001346,0.000063,1346,gnn_mule/v2
C001347,0.691709,1347,gnn_mule/v2
C001348,0.000023,1348,gnn_mule/v2
C001349,0.851238,1349,gnn_mule/v2
C001350,0.000036,1350,gnn_mule/v2
C001351,0.000549,1351,gnn_mule/v2
C001352,0.000000,1352,gnn_mule/v2
C001353,0.000004,1353,gnn_mule/v2
C001354,0.000448,1354,gnn_mule/v2
C001355,0.000000,1355,gnn_mule/v2
C001356,0.000004,1356,gnn_mule/v2
C001357,0.812112,1357,gnn_mule/v2
C001358,0.003852,1358,gnn_mule/v2
C001359,0.189903,1359,gnn_mule/v2
C001360,0.006833,1360,gnn_mule/v2
C001361,0.000524,1361,gnn_mule/v2
C001362,0.000254,1362,gnn_mule/v2
C001363,0.000957,1363,gnn_mule/v2
C001364,0.377580,1364,gnn_mule/v2
C001365,0.148703,1365,gnn_mule/v2
C001366,0.000005,1366,gnn_mule/v2
C001367,0.874182,1367,gnn_mule/v2
C001368,0.253708,1368,gnn_mule/v2
C001369,0.088810,1369,gnn_mule/v2
C001370,0.412081,1370,gnn_mule/v2
C001371,0.012487,1371,gnn_mule/v2
C001372,0.262472,1372,gnn_mule/v2
C001373,0.000000,1373,gnn_mule/v2
C001374,0.439934,1374,gnn_mule/v2
C001375,0.836716,1375,gnn_mule/v2
C001376,0.088776,1376,gnn_mule/v2
C001377,0.189545,1377,gnn_mule/v2
C001378,0.000460,1378,gnn_mule/v2
C001379,0.907960,1379,gnn_mule/v2
C001380,0.011895,1380,gnn_mule/v2
C001381,0.000014,1381,gnn_mule/v2
C001382,0.000120,1382,gnn_mule/v2
C001383,0.002124,1383,gnn_mule/v2
C001384,0.000156,1384,gnn_mule/v2
C001385,0.011798,1385,gnn_mule/v2
C001386,0.031599,1386,gnn_mule/v2
C001387,0.000043,1387,gnn_mule/v2
C001388,0.001531,1388,gnn_mule/v2
C001389,0.000001,1389,gnn_mule/v2
C001390,0.355779,1390,gnn_mule/v2
C001391,0.000032,1391,gnn_mule/v2
C001392,0.000612,1392,gnn_mule/v2
C001393,0.110927,1393,gnn_mule/v2
C001394,0.000881,1394,gnn_mule/v2
C001395,0.998408,1395,gnn_mule/v2
C001396,0.000318,1396,gnn_mule/v2
C001397,0.006442,1397,gnn_mule/v2
C001398,0.003442,1398,gnn_mule/v2
C001399,0.367324,1399,gnn_mule/v2
C001400,0.471646,1400,gnn_mule/v2
C001401,0.000181,1401,gnn_mule/v2
C001402,0.000002,1402,gnn_mule/v2
C001403,0.000000,1403,gnn_mule/v2
C001404,0.000201,1404,gnn_mule/v2
C001405,0.989704,1405,gnn_mule/v2
C001406,0.910504,1406,gnn_mule/v2
C001407,0.010830,1407,gnn_mule/v2
C001408,0.104599,1408,gnn_mule/v2
C001409,0.022136,1409,gnn_mule/v2
C001410,0.363636,1410,gnn_mule/v2
C001411,0.004329,1411,gnn_mule/v2
C001412,0.003970,1412,gnn_mule/v2
C001413,0.554329,1413,gnn_mule/v2
C001414,0.000332,1414,gnn_mule/v2
C001415,0.000045,1415,gnn_mule/v2
C001416,0.003675,1416,gnn_mule/v2
C001417,0.052703,1417,gnn_mule/v2
C001418,0.821621,1418,gnn_mule/v2
C001419,0.000137,1419,gnn_mule/v2
C001420,0.021439,1420,gnn_mule/v2
C001421,0.001480,1421,gnn_mule/v2
C001422,0.000004,1422,gnn_mule/v2
C001423,0.000002,1423,gnn_mule/v2
C001424,0.012134,1424,gnn_mule/v2
C001425,0.001160,1425,gnn_mule/v2
C001426,0.000085,1426,gnn_mule/v2
C001427,0.000003,1427,gnn_mule/v2
C001428,0.134883,1428,gnn_mule/v2
C001429,0.005223,1429,gnn_mule/v2
C001430,0.000001,1430,gnn_mule/v2
C001431,0.000124,1431,gnn_mule/v2
C001432,0.000025,1432,gnn_mule/v2
C001433,0.001841,1433,gnn_mule/v2
C001434,0.021577,1434,gnn_mule/v2
C001435,0.000976,1435,gnn_mule/v2
C001436,0.000072,1436,gnn_mule/v2
C001437,0.000248,1437,gnn_mule/v2
C001438,0.928338,1438,gnn_mule/v2
C001439,0.070604,1439,gnn_mule/v2
C001440,0.331411,1440,gnn_mule/v2
C001441,0.072186,1441,gnn_mule/v2
C001442,0.000008,1442,gnn_mule/v2
C001443,0.031588,1443,gnn_mule/v2
C001444,0.001002,1444,gnn_mule/v2
C001445,0.003356,1445,gnn_mule/v2
C001446,0.555800,1446,gnn_mule/v2
C001447,0.947351,1447,gnn_mule/v2
C001448,0.001008,1448,gnn_mule/v2
C001449,0.008612,1449,gnn_mule/v2
C001450,0.000020,1450,gnn_mule/v2
C001451,0.005086,1451,gnn_mule/v2
C001452,0.005308,1452,gnn_mule/v2
C001453,0.010313,1453,gnn_mule/v2
C001454,0.000352,1454,gnn_mule/v2
C001455,0.000010,1455,gnn_mule/v2
C001456,0.000544,1456,gnn_mule/v2
C001457,0.000249,1457,gnn_mule/v2
C001458,0.214201,1458,gnn_mule/v2
C001459,0.000003,1459,gnn_mule/v2
C001460,0.000428,1460,gnn_mule/v2
C001461,0.000071,1461,gnn_mule/v2
C001462,0.001727,1462,gnn_mule/v2
C001463,0.029789,1463,gnn_mule/v2
C001464,0.001251,1464,gnn_mule/v2
C001465,0.000150,1465,gnn_mule/v2
C001466,0.909186,1466,gnn_mule/v2
C001467,0.001140,1467,gnn_mule/v2
C001468,0.002530,1468,gnn_mule/v2
C001469,0.270577,1469,gnn_mule/v2
C001470,0.870065,1470,gnn_mule/v2
C001471,0.813151,1471,gnn_mule/v2
C001472,0.828781,1472,gnn_mule/v2
C001473,0.910233,1473,gnn_mule/v2
C001474,0.890736,1474,gnn_mule/v2
C001475,0.952631,1475,gnn_mule/v2
C001476,0.952289,1476,gnn_mule/v2
C001477,0.022497,1477,gnn_mule/v2
C001478,0.003947,1478,gnn_mule/v2
C001479,0.780464,1479,gnn_mule/v2
C001480,0.008307,1480,gnn_mule/v2
C001481,0.014524,1481,gnn_mule/v2
C001482,1.000000,1482,gnn_mule/v2
C001483,0.000003,1483,gnn_mule/v2
C001484,0.919275,1484,gnn_mule/v2
C001485,0.001615,1485,gnn_mule/v2
C001486,0.001568,1486,gnn_mule/v2
C001487,0.000201,1487,gnn_mule/v2
C001488,0.000001,1488,gnn_mule/v2
C001489,0.344526,1489,gnn_mule/v2
C001490,0.004281,1490,gnn_mule/v2
C001491,0.000008,1491,gnn_mule/v2
C001492,0.002409,1492,gnn_mule/v2
C001493,0.001681,1493,gnn_mule/v2
C001494,0.292623,1494,gnn_mule/v2
C001495,0.001233,1495,gnn_mule/v2
C001496,0.009425,1496,gnn_mule/v2
C001497,0.000070,1497,gnn_mule/v2
C001498,0.203077,1498,gnn_mule/v2
C001499,0.020013,1499,gnn_mule/v2
C001500,0.000145,1500,gnn_mule/v2
C001501,0.072394,1501,gnn_mule/v2
C001502,0.029693,1502,gnn_mule/v2
C001503,0.000197,1503,gnn_mule/v2
C001504,0.011569,1504,gnn_mule/v2
C001505,0.043776,1505,gnn_mule/v2
C001506,0.000293,1506,gnn_mule/v2
C001507,0.000176,1507,gnn_mule/v2
C001508,0.084804,1508,gnn_mule/v2
C001509,0.792179,1509,gnn_mule/v2
C001510,0.003332,1510,gnn_mule/v2
C001511,0.000421,1511,gnn_mule/v2
C001512,0.190621,1512,gnn_mule/v2
C001513,0.000003,1513,gnn_mule/v2
C001514,0.000000,1514,gnn_mule/v2
C001515,0.000142,1515,gnn_mule/v2
C001516,0.000019,1516,gnn_mule/v2
C001517,0.000134,1517,gnn_mule/v2
C001518,0.599333,1518,gnn_mule/v2
C001519,0.031272,1519,gnn_mule/v2
C001520,0.999999,1520,gnn_mule/v2
C001521,0.999979,1521,gnn_mule/v2
C001522,0.116540,1522,gnn_mule/v2
C001523,0.000099,1523,gnn_mule/v2
C001524,0.000632,1524,gnn_mule/v2
C001525,0.194643,1525,gnn_mule/v2
C001526,0.000605,1526,gnn_mule/v2
C001527,0.003118,1527,gnn_mule/v2
C001528,0.145581,1528,gnn_mule/v2
C001529,0.025274,1529,gnn_mule/v2
C001530,0.000033,1530,gnn_mule/v2
C001531,0.001826,1531,gnn_mule/v2
C001532,0.004803,1532,gnn_mule/v2
C001533,0.000096,1533,gnn_mule/v2
C001534,0.000036,1534,gnn_mule/v2
C001535,0.000652,1535,gnn_mule/v2
C001536,0.177830,1536,gnn_mule/v2
C001537,0.000213,1537,gnn_mule/v2
C001538,0.020832,1538,gnn_mule/v2
C001539,0.073585,1539,gnn_mule/v2
C001540,0.003423,1540,gnn_mule/v2
C001541,0.002119,1541,gnn_mule/v2
C001542,0.827728,1542,gnn_mule/v2
C001543,0.132143,1543,gnn_mule/v2
C001544,0.000021,1544,gnn_mule/v2
C001545,0.000064,1545,gnn_mule/v2
C001546,0.005611,1546,gnn_mule/v2
C001547,0.084222,1547,gnn_mule/v2
C001548,0.053469,1548,gnn_mule/v2
C001549,0.101780,1549,gnn_mule/v2
C001550,0.754948,1550,gnn_mule/v2
C001551,0.000011,1551,gnn_mule/v2
C001552,0.002551,1552,gnn_mule/v2
C001553,0.000011,1553,gnn_mule/v2
C001554,0.000365,1554,gnn_mule/v2
C001555,0.296883,1555,gnn_mule/v2
C001556,0.018032,1556,gnn_mule/v2
C001557,0.000006,1557,gnn_mule/v2
C001558,0.019806,1558,gnn_mule/v2
C001559,0.000003,1559,gnn_mule/v2
C001560,0.002651,1560,gnn_mule/v2
C001561,0.236951,1561,gnn_mule/v2
C001562,0.000029,1562,gnn_mule/v2
C001563,0.023675,1563,gnn_mule/v2
C001564,0.920042,1564,gnn_mule/v2
C001565,0.001919,1565,gnn_mule/v2
C001566,0.997217,1566,gnn_mule/v2
C001567,0.538966,1567,gnn_mule/v2
C001568,0.000009,1568,gnn_mule/v2
C001569,0.007482,1569,gnn_mule/v2
C001570,0.000863,1570,gnn_mule/v2
C001571,0.001118,1571,gnn_mule/v2
C001572,0.024163,1572,gnn_mule/v2
C001573,0.000002,1573,gnn_mule/v2
C001574,0.242257,1574,gnn_mule/v2
C001575,0.503561,1575,gnn_mule/v2
C001576,0.094061,1576,gnn_mule/v2
C001577,0.805444,1577,gnn_mule/v2
C001578,0.065016,1578,gnn_mule/v2
C001579,0.011294,1579,gnn_mule/v2
C001580,0.016320,1580,gnn_mule/v2
C001581,0.093378,1581,gnn_mule/v2
C001582,0.886697,1582,gnn_mule/v2
C001583,0.248285,1583,gnn_mule/v2
C001584,0.000028,1584,gnn_mule/v2
C001585,0.839675,1585,gnn_mule/v2
C001586,0.065357,1586,gnn_mule/v2
C001587,0.001709,1587,gnn_mule/v2
C001588,0.009065,1588,gnn_mule/v2
C001589,0.338000,1589,gnn_mule/v2
C001590,0.000011,1590,gnn_mule/v2
C001591,0.067074,1591,gnn_mule/v2
C001592,0.000471,1592,gnn_mule/v2
C001593,0.252688,1593,gnn_mule/v2
C001594,0.016533,1594,gnn_mule/v2
C001595,0.000552,1595,gnn_mule/v2
C001596,0.720281,1596,gnn_mule/v2
C001597,0.000217,1597,gnn_mule/v2
C001598,0.005165,1598,gnn_mule/v2
C001599,0.000013,1599,gnn_mule/v2
C001600,0.000438,1600,gnn_mule/v2
C001601,0.000858,1601,gnn_mule/v2
C001602,0.595865,1602,gnn_mule/v2
C001603,0.000187,1603,gnn_mule/v2
C001604,0.000136,1604,gnn_mule/v2
C001605,0.000115,1605,gnn_mule/v2
C001606,0.000129,1606,gnn_mule/v2
C001607,0.999826,1607,gnn_mule/v2
C001608,0.786630,1608,gnn_mule/v2
C001609,0.000017,1609,gnn_mule/v2
C001610,0.018549,1610,gnn_mule/v2
C001611,0.686749,1611,gnn_mule/v2
C001612,0.000188,1612,gnn_mule/v2
C001613,0.022432,1613,gnn_mule/v2
C001614,0.000266,1614,gnn_mule/v2
C001615,0.000909,1615,gnn_mule/v2
C001616,0.005499,1616,gnn_mule/v2
C001617,0.004937,1617,gnn_mule/v2
C001618,0.046279,1618,gnn_mule/v2
C001619,0.918799,1619,gnn_mule/v2
C001620,0.000213,1620,gnn_mule/v2
C001621,0.000047,1621,gnn_mule/v2
C001622,0.001000,1622,gnn_mule/v2
C001623,0.025763,1623,gnn_mule/v2
C001624,0.000002,1624,gnn_mule/v2
C001625,0.000052,1625,gnn_mule/v2
C001626,0.054526,1626,gnn_mule/v2
C001627,0.492515,1627,gnn_mule/v2
C001628,0.921336,1628,gnn_mule/v2
C001629,0.001793,1629,gnn_mule/v2
C001630,0.965076,1630,gnn_mule/v2
C001631,0.000092,1631,gnn_mule/v2
C001632,0.597329,1632,gnn_mule/v2
C001633,0.000033,1633,gnn_mule/v2
C001634,0.000015,1634,gnn_mule/v2
C001635,0.000004,1635,gnn_mule/v2
C001636,0.000021,1636,gnn_mule/v2
C001637,0.000069,1637,gnn_mule/v2
C001638,0.000022,1638,gnn_mule/v2
C001639,0.008716,1639,gnn_mule/v2
C001640,0.346314,1640,gnn_mule/v2
C001641,0.000183,1641,gnn_mule/v2
C001642,0.257713,1642,gnn_mule/v2
C001643,0.000198,1643,gnn_mule/v2
C001644,0.482794,1644,gnn_mule/v2
C001645,0.000869,1645,gnn_mule/v2
C001646,0.035631,1646,gnn_mule/v2
C001647,0.000136,1647,gnn_mule/v2
C001648,0.000175,1648,gnn_mule/v2
C001649,0.722846,1649,gnn_mule/v2
C001650,0.000008,1650,gnn_mule/v2
C001651,0.005022,1651,gnn_mule/v2
C001652,0.000000,1652,gnn_mule/v2
C001653,0.000560,1653,gnn_mule/v2
C001654,0.000024,1654,gnn_mule/v2
C001655,0.000001,1655,gnn_mule/v2
C001656,0.000101,1656,gnn_mule/v2
C001657,0.000208,1657,gnn_mule/v2
C001658,0.107615,1658,gnn_mule/v2
C001659,0.000036,1659,gnn_mule/v2
C001660,0.000498,1660,gnn_mule/v2
C001661,0.999956,1661,gnn_mule/v2
C001662,0.000081,1662,gnn_mule/v2
C001663,0.227190,1663,gnn_mule/v2
C001664,0.006049,1664,gnn_mule/v2
C001665,0.034408,1665,gnn_mule/v2
C001666,0.003287,1666,gnn_mule/v2
C001667,0.232121,1667,gnn_mule/v2
C001668,0.053632,1668,gnn_mule/v2
C001669,0.000046,1669,gnn_mule/v2
C001670,0.050682,1670,gnn_mule/v2
C001671,0.023538,1671,gnn_mule/v2
C001672,0.134147,1672,gnn_mule/v2
C001673,0.016726,1673,gnn_mule/v2
C001674,0.000165,1674,gnn_mule/v2
C001675,0.001999,1675,gnn_mule/v2
C001676,0.015525,1676,gnn_mule/v2
C001677,0.095713,1677,gnn_mule/v2
C001678,0.000127,1678,gnn_mule/v2
C001679,0.710240,1679,gnn_mule/v2
C001680,0.002923,1680,gnn_mule/v2
C001681,0.000002,1681,gnn_mule/v2
C001682,0.037012,1682,gnn_mule/v2
C001683,0.008441,1683,gnn_mule/v2
C001684,0.056141,1684,gnn_mule/v2
C001685,0.000009,1685,gnn_mule/v2
C001686,0.684354,1686,gnn_mule/v2
C001687,0.029936,1687,gnn_mule/v2
C001688,0.038157,1688,gnn_mule/v2
C001689,0.060791,1689,gnn_mule/v2
C001690,0.002361,1690,gnn_mule/v2
C001691,0.365413,1691,gnn_mule/v2
C001692,0.000955,1692,gnn_mule/v2
C001693,0.030296,1693,gnn_mule/v2
C001694,0.000017,1694,gnn_mule/v2
C001695,0.002978,1695,gnn_mule/v2
C001696,0.000000,1696,gnn_mule/v2
C001697,0.135777,1697,gnn_mule/v2
C001698,0.002034,1698,gnn_mule/v2
C001699,0.006691,1699,gnn_mule/v2
C001700,0.000293,1700,gnn_mule/v2
C001701,0.002445,1701,gnn_mule/v2
C001702,0.001730,1702,gnn_mule/v2
C001703,0.120482,1703,gnn_mule/v2
C001704,0.003411,1704,gnn_mule/v2
C001705,0.000443,1705,gnn_mule/v2
C001706,0.999998,1706,gnn_mule/v2
C001707,0.102031,1707,gnn_mule/v2
C001708,0.970959,1708,gnn_mule/v2
C001709,0.000010,1709,gnn_mule/v2
C001710,0.000001,1710,gnn_mule/v2
C001711,0.004362,1711,gnn_mule/v2
C001712,0.000002,1712,gnn_mule/v2
C001713,0.199360,1713,gnn_mule/v2
C001714,0.138811,1714,gnn_mule/v2
C001715,0.144799,1715,gnn_mule/v2
C001716,0.000158,1716,gnn_mule/v2
C001717,0.303834,1717,gnn_mule/v2
C001718,0.018337,1718,gnn_mule/v2
C001719,0.011912,1719,gnn_mule/v2
C001720,0.000114,1720,gnn_mule/v2
C001721,0.000178,1721,gnn_mule/v2
C001722,0.000023,1722,gnn_mule/v2
C001723,0.000151,1723,gnn_mule/v2
C001724,0.998883,1724,gnn_mule/v2
C001725,0.002158,1725,gnn_mule/v2
C001726,0.000734,1726,gnn_mule/v2
C001727,0.000001,1727,gnn_mule/v2
C001728,0.000533,1728,gnn_mule/v2
C001729,0.014959,1729,gnn_mule/v2
C001730,0.000021,1730,gnn_mule/v2
C001731,0.611823,1731,gnn_mule/v2
C001732,0.001122,1732,gnn_mule/v2
C001733,0.000001,1733,gnn_mule/v2
C001734,0.000136,1734,gnn_mule/v2
C001735,0.000000,1735,gnn_mule/v2
C001736,0.012717,1736,gnn_mule/v2
C001737,0.021446,1737,gnn_mule/v2
C001738,0.913083,1738,gnn_mule/v2
C001739,0.886929,1739,gnn_mule/v2
C001740,0.000011,1740,gnn_mule/v2
C001741,0.000007,1741,gnn_mule/v2
C001742,0.000296,1742,gnn_mule/v2
C001743,0.000659,1743,gnn_mule/v2
C001744,0.998862,1744,gnn_mule/v2
C001745,0.007965,1745,gnn_mule/v2
C001746,0.000106,1746,gnn_mule/v2
C001747,0.000776,1747,gnn_mule/v2
C001748,0.000000,1748,gnn_mule/v2
C001749,0.040240,1749,gnn_mule/v2
C001750,0.000079,1750,gnn_mule/v2
C001751,0.023577,1751,gnn_mule/v2
C001752,0.000057,1752,gnn_mule/v2
C001753,0.529471,1753,gnn_mule/v2
C001754,0.000164,1754,gnn_mule/v2
C001755,0.000008,1755,gnn_mule/v2
C001756,0.791403,1756,gnn_mule/v2
C001757,0.350178,1757,gnn_mule/v2
C001758,0.000015,1758,gnn_mule/v2
C001759,0.000004,1759,gnn_mule/v2
C001760,0.068047,1760,gnn_mule/v2
C001761,0.201035,1761,gnn_mule/v2
C001762,0.000095,1762,gnn_mule/v2
C001763,0.000029,1763,gnn_mule/v2
C001764,0.000167,1764,gnn_mule/v2
C001765,0.000013,1765,gnn_mule/v2
C001766,0.000099,1766,gnn_mule/v2
C001767,0.000621,1767,gnn_mule/v2
C001768,0.176287,1768,gnn_mule/v2
C001769,0.144344,1769,gnn_mule/v2
C001770,0.056280,1770,gnn_mule/v2
C001771,0.352820,1771,gnn_mule/v2
C001772,0.000001,1772,gnn_mule/v2
C001773,0.005709,1773,gnn_mule/v2
C001774,0.015462,1774,gnn_mule/v2
C001775,0.000001,1775,gnn_mule/v2
C001776,0.094072,1776,gnn_mule/v2
C001777,0.015716,1777,gnn_mule/v2
C001778,0.002470,1778,gnn_mule/v2
C001779,0.939650,1779,gnn_mule/v2
C001780,0.004891,1780,gnn_mule/v2
C001781,0.000390,1781,gnn_mule/v2
C001782,0.000001,1782,gnn_mule/v2
C001783,0.004938,1783,gnn_mule/v2
C001784,0.053201,1784,gnn_mule/v2
C001785,0.001139,1785,gnn_mule/v2
C001786,0.291489,1786,gnn_mule/v2
C001787,0.012794,1787,gnn_mule/v2
C001788,0.116907,1788,gnn_mule/v2
C001789,0.000007,1789,gnn_mule/v2
C001790,0.000000,1790,gnn_mule/v2
C001791,0.999992,1791,gnn_mule/v2
C001792,0.001130,1792,gnn_mule/v2
C001793,0.000341,1793,gnn_mule/v2
C001794,0.004146,1794,gnn_mule/v2
C001795,0.000000,1795,gnn_mule/v2
C001796,0.000019,1796,gnn_mule/v2
C001797,0.999999,1797,gnn_mule/v2
C001798,0.000554,1798,gnn_mule/v2
C001799,0.020340,1799,gnn_mule/v2
C001800,0.931109,1800,gnn_mule/v2
C001801,0.000773,1801,gnn_mule/v2
C001802,0.000390,1802,gnn_mule/v2
C001803,0.002433,1803,gnn_mule/v2
C001804,0.017310,1804,gnn_mule/v2
C001805,0.010134,1805,gnn_mule/v2
C001806,0.028777,1806,gnn_mule/v2
C001807,0.253572,1807,gnn_mule/v2
C001808,0.167373,1808,gnn_mule/v2
C001809,0.000306,1809,gnn_mule/v2
C001810,0.000004,1810,gnn_mule/v2
C001811,0.000385,1811,gnn_mule/v2
C001812,0.002216,1812,gnn_mule/v2
C001813,0.000002,1813,gnn_mule/v2
C001814,0.008179,1814,gnn_mule/v2
C001815,0.042491,1815,gnn_mule/v2
C001816,0.097165,1816,gnn_mule/v2
C001817,0.000012,1817,gnn_mule/v2
C001818,0.003655,1818,gnn_mule/v2
C001819,0.003625,1819,gnn_mule/v2
C001820,0.000003,1820,gnn_mule/v2
C001821,0.000020,1821,gnn_mule/v2
C001822,0.037647,1822,gnn_mule/v2
C001823,0.642249,1823,gnn_mule/v2
C001824,0.000041,1824,gnn_mule/v2
C001825,0.000004,1825,gnn_mule/v2
C001826,0.000001,1826,gnn_mule/v2
C001827,0.000192,1827,gnn_mule/v2
C001828,0.048477,1828,gnn_mule/v2
C001829,0.001526,1829,gnn_mule/v2
C001830,0.101914,1830,gnn_mule/v2
C001831,0.000003,1831,gnn_mule/v2
C001832,0.000866,1832,gnn_mule/v2
C001833,0.000220,1833,gnn_mule/v2
C001834,0.223089,1834,gnn_mule/v2
C001835,0.015367,1835,gnn_mule/v2
C001836,0.780677,1836,gnn_mule/v2
C001837,0.000048,1837,gnn_mule/v2
C001838,0.127859,1838,gnn_mule/v2
C001839,0.019229,1839,gnn_mule/v2
C001840,0.001409,1840,gnn_mule/v2
C001841,0.296387,1841,gnn_mule/v2
C001842,0.038418,1842,gnn_mule/v2
C001843,0.003650,1843,gnn_mule/v2
C001844,0.033602,1844,gnn_mule/v2
C001845,0.000053,1845,gnn_mule/v2
C001846,0.004365,1846,gnn_mule/v2
C001847,0.453072,1847,gnn_mule/v2
C001848,0.775458,1848,gnn_mule/v2
C001849,0.471804,1849,gnn_mule/v2
C001850,0.000001,1850,gnn_mule/v2
C001851,0.149451,1851,gnn_mule/v2
C001852,0.065278,1852,gnn_mule/v2
C001853,0.000024,1853,gnn_mule/v2
C001854,0.997948,1854,gnn_mule/v2
C001855,0.000006,1855,gnn_mule/v2
C001856,0.002135,1856,gnn_mule/v2
C001857,0.000002,1857,gnn_mule/v2
C001858,0.003350,1858,gnn_mule/v2
C001859,0.004483,1859,gnn_mule/v2
C001860,0.002565,1860,gnn_mule/v2
C001861,0.030233,1861,gnn_mule/v2
C001862,0.105582,1862,gnn_mule/v2
C001863,0.024969,1863,gnn_mule/v2
C001864,1.000000,1864,gnn_mule/v2
C001865,0.378611,1865,gnn_mule/v2
C001866,0.000001,1866,gnn_mule/v2
C001867,0.076933,1867,gnn_mule/v2
C001868,0.000069,1868,gnn_mule/v2
C001869,0.824821,1869,gnn_mule/v2
C001870,0.000204,1870,gnn_mule/v2
C001871,0.761283,1871,gnn_mule/v2
C001872,0.946069,1872,gnn_mule/v2
C001873,0.925777,1873,gnn_mule/v2
C001874,0.102095,1874,gnn_mule/v2
C001875,0.507637,1875,gnn_mule/v2
C001876,0.002453,1876,gnn_mule/v2
C001877,0.000278,1877,gnn_mule/v2
C001878,0.101258,1878,gnn_mule/v2
C001879,0.094970,1879,gnn_mule/v2
C001880,0.000026,1880,gnn_mule/v2
C001881,0.000021,1881,gnn_mule/v2
C001882,0.003895,1882,gnn_mule/v2
C001883,0.000070,1883,gnn_mule/v2
C001884,0.046761,1884,gnn_mule/v2
C001885,0.473089,1885,gnn_mule/v2
C001886,0.002829,1886,gnn_mule/v2
C001887,0.761812,1887,gnn_mule/v2
C001888,0.030889,1888,gnn_mule/v2
C001889,0.515739,1889,gnn_mule/v2
C001890,0.221753,1890,gnn_mule/v2
C001891,0.001393,1891,gnn_mule/v2
C001892,0.000001,1892,gnn_mule/v2
C001893,0.000114,1893,gnn_mule/v2
C001894,0.025979,1894,gnn_mule/v2
C001895,0.993055,1895,gnn_mule/v2
C001896,0.000156,1896,gnn_mule/v2
C001897,0.922409,1897,gnn_mule/v2
C001898,0.003785,1898,gnn_mule/v2
C001899,0.000444,1899,gnn_mule/v2
C001900,0.000014,1900,gnn_mule/v2
C001901,0.388828,1901,gnn_mule/v2
C001902,0.000333,1902,gnn_mule/v2
C001903,0.087062,1903,gnn_mule/v2
C001904,0.026229,1904,gnn_mule/v2
C001905,0.000132,1905,gnn_mule/v2
C001906,0.103129,1906,gnn_mule/v2
C001907,0.109396,1907,gnn_mule/v2
C001908,0.074253,1908,gnn_mule/v2
C001909,0.999999,1909,gnn_mule/v2
C001910,0.066628,1910,gnn_mule/v2
C001911,0.000001,1911,gnn_mule/v2
C001912,0.000698,1912,gnn_mule/v2
C001913,0.001340,1913,gnn_mule/v2
C001914,0.000335,1914,gnn_mule/v2
C001915,0.999352,1915,gnn_mule/v2
C001916,0.000252,1916,gnn_mule/v2
C001917,0.013053,1917,gnn_mule/v2
C001918,0.209760,1918,gnn_mule/v2
C001919,0.107084,1919,gnn_mule/v2
C001920,0.002484,1920,gnn_mule/v2
C001921,0.056388,1921,gnn_mule/v2
C001922,0.036715,1922,gnn_mule/v2
C001923,0.023387,1923,gnn_mule/v2
C001924,0.463519,1924,gnn_mule/v2
C001925,0.000001,1925,gnn_mule/v2
C001926,0.940970,1926,gnn_mule/v2
C001927,0.000016,1927,gnn_mule/v2
C001928,0.000018,1928,gnn_mule/v2
C001929,0.000006,1929,gnn_mule/v2
C001930,0.664884,1930,gnn_mule/v2
C001931,0.059276,1931,gnn_mule/v2
C001932,0.014396,1932,gnn_mule/v2
C001933,0.037345,1933,gnn_mule/v2
C001934,0.000473,1934,gnn_mule/v2
C001935,0.436000,1935,gnn_mule/v2
C001936,0.000023,1936,gnn_mule/v2
C001937,0.941076,1937,gnn_mule/v2
C001938,0.257730,1938,gnn_mule/v2
C001939,0.011831,1939,gnn_mule/v2
C001940,0.000029,1940,gnn_mule/v2
C001941,0.057657,1941,gnn_mule/v2
C001942,0.000000,1942,gnn_mule/v2
C001943,0.659580,1943,gnn_mule/v2
C001944,0.006717,1944,gnn_mule/v2
C001945,0.369975,1945,gnn_mule/v2
C001946,0.002916,1946,gnn_mule/v2
C001947,0.320630,1947,gnn_mule/v2
C001948,0.999743,1948,gnn_mule/v2
C001949,0.112697,1949,gnn_mule/v2
C001950,0.999971,1950,gnn_mule/v2
C001951,0.004152,1951,gnn_mule/v2
C001952,0.009190,1952,gnn_mule/v2
C001953,0.030726,1953,gnn_mule/v2
C001954,0.000000,1954,gnn_mule/v2
C001955,0.446475,1955,gnn_mule/v2
C001956,0.706244,1956,gnn_mule/v2
C001957,0.244240,1957,gnn_mule/v2
C001958,0.152815,1958,gnn_mule/v2
C001959,0.000057,1959,gnn_mule/v2
C001960,0.000001,1960,gnn_mule/v2
C001961,0.000887,1961,gnn_mule/v2
C001962,0.313296,1962,gnn_mule/v2
C001963,0.090977,1963,gnn_mule/v2
C001964,0.002983,1964,gnn_mule/v2
C001965,0.057386,1965,gnn_mule/v2
C001966,0.000274,1966,gnn_mule/v2
C001967,0.000453,1967,gnn_mule/v2
C001968,0.847952,1968,gnn_mule/v2
C001969,0.020716,1969,gnn_mule/v2
C001970,0.000248,1970,gnn_mule/v2
C001971,0.000021,1971,gnn_mule/v2
C001972,0.228554,1972,gnn_mule/v2
C001973,0.046420,1973,gnn_mule/v2
C001974,0.000363,1974,gnn_mule/v2
C001975,0.187131,1975,gnn_mule/v2
C001976,0.000000,1976,gnn_mule/v2
C001977,0.000001,1977,gnn_mule/v2
C001978,0.003254,1978,gnn_mule/v2
C001979,0.000007,1979,gnn_mule/v2
C001980,0.000102,1980,gnn_mule/v2
C001981,0.000228,1981,gnn_mule/v2
C001982,0.000048,1982,gnn_mule/v2
C001983,0.000044,1983,gnn_mule/v2
C001984,0.008070,1984,gnn_mule/v2
C001985,0.001586,1985,gnn_mule/v2
C001986,0.006064,1986,gnn_mule/v2
C001987,0.000003,1987,gnn_mule/v2
C001988,0.001185,1988,gnn_mule/v2
C001989,0.002038,1989,gnn_mule/v2
C001990,0.000001,1990,gnn_mule/v2
C001991,0.230007,1991,gnn_mule/v2
C001992,0.079807,1992,gnn_mule/v2
C001993,0.993756,1993,gnn_mule/v2
C001994,0.075288,1994,gnn_mule/v2
C001995,0.000769,1995,gnn_mule/v2
C001996,0.000014,1996,gnn_mule/v2
C001997,0.741309,1997,gnn_mule/v2
C001998,0.128322,1998,gnn_mule/v2
C001999,0.155300,1999,gnn_mule/v2
C002000,0.000003,2000,gnn_mule/v2
C002001,0.150564,2001,gnn_mule/v2
C002002,0.000007,2002,gnn_mule/v2
C002003,0.004888,2003,gnn_mule/v2
C002004,0.001759,2004,gnn_mule/v2
C002005,0.000000,2005,gnn_mule/v2
C002006,0.048214,2006,gnn_mule/v2
C002007,0.000508,2007,gnn_mule/v2
C002008,0.999758,2008,gnn_mule/v2
C002009,0.000176,2009,gnn_mule/v2
C002010,0.000001,2010,gnn_mule/v2
C002011,0.272133,2011,gnn_mule/v2
C002012,0.000041,2012,gnn_mule/v2
C002013,0.000151,2013,gnn_mule/v2
C002014,0.023226,2014,gnn_mule/v2
C002015,0.022743,2015,gnn_mule/v2
C002016,0.006491,2016,gnn_mule/v2
C002017,0.000133,2017,gnn_mule/v2
C002018,0.089234,2018,gnn_mule/v2
C002019,0.000042,2019,gnn_mule/v2
C002020,0.001162,2020,gnn_mule/v2
C002021,0.000136,2021,gnn_mule/v2
C002022,0.028435,2022,gnn_mule/v2
C002023,0.982712,2023,gnn_mule/v2
C002024,0.230841,2024,gnn_mule/v2
C002025,0.921509,2025,gnn_mule/v2
C002026,0.006674,2026,gnn_mule/v2
C002027,0.891429,2027,gnn_mule/v2
C002028,0.000596,2028,gnn_mule/v2
C002029,0.000007,2029,gnn_mule/v2
C002030,0.019247,2030,gnn_mule/v2
C002031,0.200808,2031,gnn_mule/v2
C002032,0.000609,2032,gnn_mule/v2
C002033,0.000019,2033,gnn_mule/v2
C002034,0.549235,2034,gnn_mule/v2
C002035,0.067162,2035,gnn_mule/v2
C002036,0.023932,2036,gnn_mule/v2
C002037,0.063939,2037,gnn_mule/v2
C002038,0.001947,2038,gnn_mule/v2
C002039,0.007087,2039,gnn_mule/v2
C002040,0.000010,2040,gnn_mule/v2
C002041,0.193649,2041,gnn_mule/v2
C002042,0.000779,2042,gnn_mule/v2
C002043,0.000000,2043,gnn_mule/v2
C002044,0.000049,2044,gnn_mule/v2
C002045,0.015128,2045,gnn_mule/v2
C002046,0.178871,2046,gnn_mule/v2
C002047,0.000051,2047,gnn_mule/v2
C002048,0.000444,2048,gnn_mule/v2
C002049,0.000000,2049,gnn_mule/v2
C002050,0.006234,2050,gnn_mule/v2
C002051,0.700557,2051,gnn_mule/v2
C002052,0.064680,2052,gnn_mule/v2
C002053,0.002265,2053,gnn_mule/v2
C002054,0.000871,2054,gnn_mule/v2
C002055,0.980874,2055,gnn_mule/v2
C002056,0.000038,2056,gnn_mule/v2
C002057,0.000000,2057,gnn_mule/v2
C002058,0.000013,2058,gnn_mule/v2
C002059,0.951417,2059,gnn_mule/v2
C002060,0.000001,2060,gnn_mule/v2
C002061,0.028147,2061,gnn_mule/v2
C002062,0.000331,2062,gnn_mule/v2
C002063,0.165858,2063,gnn_mule/v2
C002064,0.000069,2064,gnn_mule/v2
C002065,0.000000,2065,gnn_mule/v2
C002066,0.000502,2066,gnn_mule/v2
C002067,0.005064,2067,gnn_mule/v2
C002068,0.002891,2068,gnn_mule/v2
C002069,0.000000,2069,gnn_mule/v2
C002070,0.001673,2070,gnn_mule/v2
C002071,0.101426,2071,gnn_mule/v2
C002072,0.000049,2072,gnn_mule/v2
C002073,0.681040,2073,gnn_mule/v2
C002074,0.055072,2074,gnn_mule/v2
C002075,0.005630,2075,gnn_mule/v2
C002076,0.010804,2076,gnn_mule/v2
C002077,0.000225,2077,gnn_mule/v2
C002078,0.000154,2078,gnn_mule/v2
C002079,0.027371,2079,gnn_mule/v2
C002080,0.009585,2080,gnn_mule/v2
C002081,0.004859,2081,gnn_mule/v2
C002082,0.597726,2082,gnn_mule/v2
C002083,0.054111,2083,gnn_mule/v2
C002084,0.000507,2084,gnn_mule/v2
C002085,0.026972,2085,gnn_mule/v2
C002086,0.000002,2086,gnn_mule/v2
C002087,0.592729,2087,gnn_mule/v2
C002088,0.001149,2088,gnn_mule/v2
C002089,0.045605,2089,gnn_mule/v2
C002090,0.000425,2090,gnn_mule/v2
C002091,0.007211,2091,gnn_mule/v2
C002092,0.919044,2092,gnn_mule/v2
C002093,0.000129,2093,gnn_mule/v2
C002094,0.000164,2094,gnn_mule/v2
C002095,0.070699,2095,gnn_mule/v2
C002096,0.007095,2096,gnn_mule/v2
C002097,0.075251,2097,gnn_mule/v2
C002098,0.000467,2098,gnn_mule/v2
C002099,0.000063,2099,gnn_mule/v2
C002100,0.000137,2100,gnn_mule/v2
C002101,0.009552,2101,gnn_mule/v2
C002102,0.000221,2102,gnn_mule/v2
C002103,0.000120,2103,gnn_mule/v2
C002104,0.020799,2104,gnn_mule/v2
C002105,0.000064,2105,gnn_mule/v2
C002106,0.031130,2106,gnn_mule/v2
C002107,0.002504,2107,gnn_mule/v2
C002108,0.000079,2108,gnn_mule/v2
C002109,0.000012,2109,gnn_mule/v2
C002110,0.022742,2110,gnn_mule/v2
C002111,0.996107,2111,gnn_mule/v2
C002112,0.000008,2112,gnn_mule/v2
C002113,0.017149,2113,gnn_mule/v2
C002114,0.000547,2114,gnn_mule/v2
C002115,0.000000,2115,gnn_mule/v2
C002116,0.138755,2116,gnn_mule/v2
C002117,0.001367,2117,gnn_mule/v2
C002118,0.000012,2118,gnn_mule/v2
C002119,0.000084,2119,gnn_mule/v2
C002120,0.005879,2120,gnn_mule/v2
C002121,0.000004,2121,gnn_mule/v2
C002122,1.000000,2122,gnn_mule/v2
C002123,0.186131,2123,gnn_mule/v2
C002124,0.000163,2124,gnn_mule/v2
C002125,0.999997,2125,gnn_mule/v2
C002126,0.611856,2126,gnn_mule/v2
C002127,0.999997,2127,gnn_mule/v2
C002128,0.000004,2128,gnn_mule/v2
C002129,0.030740,2129,gnn_mule/v2
C002130,0.530653,2130,gnn_mule/v2
C002131,0.222413,2131,gnn_mule/v2
C002132,0.000087,2132,gnn_mule/v2
C002133,0.360002,2133,gnn_mule/v2
C002134,0.007078,2134,gnn_mule/v2
C002135,0.000373,2135,gnn_mule/v2
C002136,0.007752,2136,gnn_mule/v2
C002137,0.003939,2137,gnn_mule/v2
C002138,0.006085,2138,gnn_mule/v2
C002139,0.005851,2139,gnn_mule/v2
C002140,0.000057,2140,gnn_mule/v2
C002141,0.000020,2141,gnn_mule/v2
C002142,0.001521,2142,gnn_mule/v2
C002143,0.997755,2143,gnn_mule/v2
C002144,0.000002,2144,gnn_mule/v2
C002145,0.415863,2145,gnn_mule/v2
C002146,0.000111,2146,gnn_mule/v2
C002147,0.000152,2147,gnn_mule/v2
C002148,0.011731,2148,gnn_mule/v2
C002149,0.108062,2149,gnn_mule/v2
C002150,0.891879,2150,gnn_mule/v2
C002151,0.015451,2151,gnn_mule/v2
C002152,0.283587,2152,gnn_mule/v2
C002153,0.079384,2153,gnn_mule/v2
C002154,0.002306,2154,gnn_mule/v2
C002155,0.000002,2155,gnn_mule/v2
C002156,0.284594,2156,gnn_mule/v2
C002157,0.000603,2157,gnn_mule/v2
C002158,0.218175,2158,gnn_mule/v2
C002159,0.422339,2159,gnn_mule/v2
C002160,0.009401,2160,gnn_mule/v2
C002161,0.000015,2161,gnn_mule/v2
C002162,0.000017,2162,gnn_mule/v2
C002163,0.002587,2163,gnn_mule/v2
C002164,0.508343,2164,gnn_mule/v2
C002165,0.022284,2165,gnn_mule/v2
C002166,0.000103,2166,gnn_mule/v2
C002167,0.000007,2167,gnn_mule/v2
C002168,0.027408,2168,gnn_mule/v2
C002169,0.000241,2169,gnn_mule/v2
C002170,0.000344,2170,gnn_mule/v2
C002171,0.102497,2171,gnn_mule/v2
C002172,0.312408,2172,gnn_mule/v2
C002173,0.040787,2173,gnn_mule/v2
C002174,0.800777,2174,gnn_mule/v2
C002175,0.865187,2175,gnn_mule/v2
C002176,0.000030,2176,gnn_mule/v2
C002177,0.000425,2177,gnn_mule/v2
C002178,0.044409,2178,gnn_mule/v2
C002179,0.000001,2179,gnn_mule/v2
C002180,0.000081,2180,gnn_mule/v2
C002181,1.000000,2181,gnn_mule/v2
C002182,0.000048,2182,gnn_mule/v2
C002183,0.834397,2183,gnn_mule/v2
C002184,0.000002,2184,gnn_mule/v2
C002185,0.645177,2185,gnn_mule/v2
C002186,0.000074,2186,gnn_mule/v2
C002187,0.000179,2187,gnn_mule/v2
C002188,0.001894,2188,gnn_mule/v2
C002189,0.112383,2189,gnn_mule/v2
C002190,0.903810,2190,gnn_mule/v2
C002191,0.144494,2191,gnn_mule/v2
C002192,0.006448,2192,gnn_mule/v2
C002193,0.000799,2193,gnn_mule/v2
C002194,0.000001,2194,gnn_mule/v2
C002195,0.838377,2195,gnn_mule/v2
C002196,0.645172,2196,gnn_mule/v2
C002197,0.290968,2197,gnn_mule/v2
C002198,0.110769,2198,gnn_mule/v2
C002199,0.000135,2199,gnn_mule/v2
C002200,0.987086,2200,gnn_mule/v2
C002201,0.778692,2201,gnn_mule/v2
C002202,0.002535,2202,gnn_mule/v2
C002203,0.019689,2203,gnn_mule/v2
C002204,0.020290,2204,gnn_mule/v2
C002205,0.000003,2205,gnn_mule/v2
C002206,0.004816,2206,gnn_mule/v2
C002207,0.000880,2207,gnn_mule/v2
C002208,0.001451,2208,gnn_mule/v2
C002209,0.002525,2209,gnn_mule/v2
C002210,0.081903,2210,gnn_mule/v2
C002211,0.051848,2211,gnn_mule/v2
C002212,0.000081,2212,gnn_mule/v2
C002213,0.495238,2213,gnn_mule/v2
C002214,0.000007,2214,gnn_mule/v2
C002215,0.736591,2215,gnn_mule/v2
C002216,0.858646,2216,gnn_mule/v2
C002217,0.000187,2217,gnn_mule/v2
C002218,0.337952,2218,gnn_mule/v2
C002219,0.000008,2219,gnn_mule/v2
C002220,0.016541,2220,gnn_mule/v2
C002221,0.001185,2221,gnn_mule/v2
C002222,0.484855,2222,gnn_mule/v2
C002223,0.270468,2223,gnn_mule/v2
C002224,0.000001,2224,gnn_mule/v2
C002225,0.000007,2225,gnn_mule/v2
C002226,0.511339,2226,gnn_mule/v2
C002227,0.000001,2227,gnn_mule/v2
C002228,0.091159,2228,gnn_mule/v2
C002229,0.020590,2229,gnn_mule/v2
C002230,0.061731,2230,gnn_mule/v2
C002231,0.977825,2231,gnn_mule/v2
C002232,0.708495,2232,gnn_mule/v2
C002233,0.017531,2233,gnn_mule/v2
C002234,0.145555,2234,gnn_mule/v2
C002235,0.000021,2235,gnn_mule/v2
C002236,0.855515,2236,gnn_mule/v2
C002237,0.000155,2237,gnn_mule/v2
C002238,0.999973,2238,gnn_mule/v2
C002239,0.024367,2239,gnn_mule/v2
C002240,0.000031,2240,gnn_mule/v2
C002241,0.000009,2241,gnn_mule/v2
C002242,0.000030,2242,gnn_mule/v2
C002243,0.015716,2243,gnn_mule/v2
C002244,0.000641,2244,gnn_mule/v2
C002245,0.001902,2245,gnn_mule/v2
C002246,0.082860,2246,gnn_mule/v2
C002247,0.005191,2247,gnn_mule/v2
C002248,0.000115,2248,gnn_mule/v2
C002249,0.060620,2249,gnn_mule/v2
C002250,0.004767,2250,gnn_mule/v2
C002251,0.927888,2251,gnn_mule/v2
C002252,0.000046,2252,gnn_mule/v2
C002253,0.892310,2253,gnn_mule/v2
C002254,0.040517,2254,gnn_mule/v2
C002255,0.008275,2255,gnn_mule/v2
C002256,0.002799,2256,gnn_mule/v2
C002257,0.024801,2257,gnn_mule/v2
C002258,0.950327,2258,gnn_mule/v2
C002259,0.993427,2259,gnn_mule/v2
C002260,0.000022,2260,gnn_mule/v2
C002261,0.984366,2261,gnn_mule/v2
C002262,0.000000,2262,gnn_mule/v2
C002263,0.266380,2263,gnn_mule/v2
C002264,0.781029,2264,gnn_mule/v2
C002265,0.004310,2265,gnn_mule/v2
C002266,0.653580,2266,gnn_mule/v2
C002267,0.322539,2267,gnn_mule/v2
C002268,0.000089,2268,gnn_mule/v2
C002269,0.845717,2269,gnn_mule/v2
C002270,0.000011,2270,gnn_mule/v2
C002271,0.000038,2271,gnn_mule/v2
C002272,0.005560,2272,gnn_mule/v2
C002273,0.836030,2273,gnn_mule/v2
C002274,0.006789,2274,gnn_mule/v2
C002275,0.013965,2275,gnn_mule/v2
C002276,0.018756,2276,gnn_mule/v2
C002277,1.000000,2277,gnn_mule/v2
C002278,0.660534,2278,gnn_mule/v2
C002279,0.048774,2279,gnn_mule/v2
C002280,0.000140,2280,gnn_mule/v2
C002281,0.016710,2281,gnn_mule/v2
C002282,0.000204,2282,gnn_mule/v2
C002283,0.905318,2283,gnn_mule/v2
C002284,0.000011,2284,gnn_mule/v2
C002285,0.000203,2285,gnn_mule/v2
C002286,0.009653,2286,gnn_mule/v2
C002287,0.999329,2287,gnn_mule/v2
C002288,0.001209,2288,gnn_mule/v2
C002289,0.643921,2289,gnn_mule/v2
C002290,0.000407,2290,gnn_mule/v2
C002291,0.000052,2291,gnn_mule/v2
C002292,0.006126,2292,gnn_mule/v2
C002293,0.000426,2293,gnn_mule/v2
C002294,0.000000,2294,gnn_mule/v2
C002295,0.001008,2295,gnn_mule/v2
C002296,0.105804,2296,gnn_mule/v2
C002297,0.001668,2297,gnn_mule/v2
C002298,0.044317,2298,gnn_mule/v2
C002299,0.000000,2299,gnn_mule/v2
C002300,0.000001,2300,gnn_mule/v2
C002301,0.053114,2301,gnn_mule/v2
C002302,0.074990,2302,gnn_mule/v2
C002303,0.154756,2303,gnn_mule/v2
C002304,0.002508,2304,gnn_mule/v2
C002305,0.001185,2305,gnn_mule/v2
C002306,0.002904,2306,gnn_mule/v2
C002307,0.000004,2307,gnn_mule/v2
C002308,0.361768,2308,gnn_mule/v2
C002309,0.000000,2309,gnn_mule/v2
C002310,0.000954,2310,gnn_mule/v2
C002311,0.000001,2311,gnn_mule/v2
C002312,0.000006,2312,gnn_mule/v2
C002313,0.977846,2313,gnn_mule/v2
C002314,0.000916,2314,gnn_mule/v2
C002315,0.000001,2315,gnn_mule/v2
C002316,0.000268,2316,gnn_mule/v2
C002317,0.000029,2317,gnn_mule/v2
C002318,1.000000,2318,gnn_mule/v2
C002319,0.000022,2319,gnn_mule/v2
C002320,0.000058,2320,gnn_mule/v2
C002321,0.720800,2321,gnn_mule/v2
C002322,0.060723,2322,gnn_mule/v2
C002323,0.959260,2323,gnn_mule/v2
C002324,0.000019,2324,gnn_mule/v2
C002325,0.043622,2325,gnn_mule/v2
C002326,0.000258,2326,gnn_mule/v2
C002327,0.909363,2327,gnn_mule/v2
C002328,0.076061,2328,gnn_mule/v2
C002329,0.005961,2329,gnn_mule/v2
C002330,0.000000,2330,gnn_mule/v2
C002331,0.039083,2331,gnn_mule/v2
C002332,0.579102,2332,gnn_mule/v2
C002333,0.954027,2333,gnn_mule/v2
C002334,0.001031,2334,gnn_mule/v2
C002335,0.000724,2335,gnn_mule/v2
C002336,0.000021,2336,gnn_mule/v2
C002337,0.000127,2337,gnn_mule/v2
C002338,0.345969,2338,gnn_mule/v2
C002339,0.002767,2339,gnn_mule/v2
C002340,0.050818,2340,gnn_mule/v2
C002341,0.000024,2341,gnn_mule/v2
C002342,0.819100,2342,gnn_mule/v2
C002343,0.670204,2343,gnn_mule/v2
C002344,0.000779,2344,gnn_mule/v2
C002345,0.584643,2345,gnn_mule/v2
C002346,0.023626,2346,gnn_mule/v2
C002347,0.001382,2347,gnn_mule/v2
C002348,0.001208,2348,gnn_mule/v2
C002349,0.002233,2349,gnn_mule/v2
C002350,0.004078,2350,gnn_mule/v2
C002351,0.000276,2351,gnn_mule/v2
C002352,0.000652,2352,gnn_mule/v2
C002353,0.047537,2353,gnn_mule/v2
C002354,0.009435,2354,gnn_mule/v2
C002355,0.002837,2355,gnn_mule/v2
C002356,0.000442,2356,gnn_mule/v2
C002357,0.994086,2357,gnn_mule/v2
C002358,0.000092,2358,gnn_mule/v2
C002359,0.914694,2359,gnn_mule/v2
C002360,0.684998,2360,gnn_mule/v2
C002361,0.000351,2361,gnn_mule/v2
C002362,0.313094,2362,gnn_mule/v2
C002363,0.000608,2363,gnn_mule/v2
C002364,0.228341,2364,gnn_mule/v2
C002365,0.000064,2365,gnn_mule/v2
C002366,0.011243,2366,gnn_mule/v2
C002367,0.002570,2367,gnn_mule/v2
C002368,0.001656,2368,gnn_mule/v2
C002369,0.011881,2369,gnn_mule/v2
C002370,0.584242,2370,gnn_mule/v2
C002371,0.996828,2371,gnn_mule/v2
C002372,0.004328,2372,gnn_mule/v2
C002373,0.000001,2373,gnn_mule/v2
C002374,0.000889,2374,gnn_mule/v2
C002375,0.000098,2375,gnn_mule/v2
C002376,0.164968,2376,gnn_mule/v2
C002377,0.487315,2377,gnn_mule/v2
C002378,0.000176,2378,gnn_mule/v2
C002379,0.102295,2379,gnn_mule/v2
C002380,0.000071,2380,gnn_mule/v2
C002381,0.000001,2381,gnn_mule/v2
C002382,0.000506,2382,gnn_mule/v2
C002383,0.004287,2383,gnn_mule/v2
C002384,0.999995,2384,gnn_mule/v2
C002385,0.013256,2385,gnn_mule/v2
C002386,0.031223,2386,gnn_mule/v2
C002387,0.000023,2387,gnn_mule/v2
C002388,0.390153,2388,gnn_mule/v2
C002389,0.000000,2389,gnn_mule/v2
C002390,0.000095,2390,gnn_mule/v2
C002391,0.022009,2391,gnn_mule/v2
C002392,0.000004,2392,gnn_mule/v2
C002393,0.001239,2393,gnn_mule/v2
C002394,0.001878,2394,gnn_mule/v2
C002395,0.001470,2395,gnn_mule/v2
C002396,0.233742,2396,gnn_mule/v2
C002397,0.616558,2397,gnn_mule/v2
C002398,0.363846,2398,gnn_mule/v2
C002399,0.005421,2399,gnn_mule/v2
C002400,0.275716,2400,gnn_mule/v2
C002401,0.975563,2401,gnn_mule/v2
C002402,0.006919,2402,gnn_mule/v2
C002403,0.001838,2403,gnn_mule/v2
C002404,0.000049,2404,gnn_mule/v2
C002405,0.021670,2405,gnn_mule/v2
C002406,0.012407,2406,gnn_mule/v2
C002407,0.085362,2407,gnn_mule/v2
C002408,0.000203,2408,gnn_mule/v2
C002409,0.000840,2409,gnn_mule/v2
C002410,0.001253,2410,gnn_mule/v2
C002411,0.000002,2411,gnn_mule/v2
C002412,0.679052,2412,gnn_mule/v2
C002413,0.094601,2413,gnn_mule/v2
C002414,0.999987,2414,gnn_mule/v2
C002415,0.001962,2415,gnn_mule/v2
C002416,0.815122,2416,gnn_mule/v2
C002417,0.000253,2417,gnn_mule/v2
C002418,0.000025,2418,gnn_mule/v2
C002419,0.990810,2419,gnn_mule/v2
C002420,0.988393,2420,gnn_mule/v2
C002421,0.507964,2421,gnn_mule/v2
C002422,0.637991,2422,gnn_mule/v2
C002423,0.000357,2423,gnn_mule/v2
C002424,0.000743,2424,gnn_mule/v2
C002425,0.010995,2425,gnn_mule/v2
C002426,0.000000,2426,gnn_mule/v2
C002427,0.007428,2427,gnn_mule/v2
C002428,0.000822,2428,gnn_mule/v2
C002429,0.879741,2429,gnn_mule/v2
C002430,0.000015,2430,gnn_mule/v2
C002431,0.000391,2431,gnn_mule/v2
C002432,0.005001,2432,gnn_mule/v2
C002433,0.000003,2433,gnn_mule/v2
C002434,0.057198,2434,gnn_mule/v2
C002435,0.033689,2435,gnn_mule/v2
C002436,0.001068,2436,gnn_mule/v2
C002437,0.058448,2437,gnn_mule/v2
C002438,0.912324,2438,gnn_mule/v2
C002439,0.000684,2439,gnn_mule/v2
C002440,0.000345,2440,gnn_mule/v2
C002441,1.000000,2441,gnn_mule/v2
C002442,0.000201,2442,gnn_mule/v2
C002443,0.237431,2443,gnn_mule/v2
C002444,0.000473,2444,gnn_mule/v2
C002445,0.000001,2445,gnn_mule/v2
C002446,0.440919,2446,gnn_mule/v2
C002447,0.000000,2447,gnn_mule/v2
C002448,0.161280,2448,gnn_mule/v2
C002449,0.000862,2449,gnn_mule/v2
C002450,0.000395,2450,gnn_mule/v2
C002451,0.003699,2451,gnn_mule/v2
C002452,0.701522,2452,gnn_mule/v2
C002453,0.999999,2453,gnn_mule/v2
C002454,0.033080,2454,gnn_mule/v2
C002455,0.000897,2455,gnn_mule/v2
C002456,0.000857,2456,gnn_mule/v2
C002457,0.868798,2457,gnn_mule/v2
C002458,0.000007,2458,gnn_mule/v2
C002459,0.005337,2459,gnn_mule/v2
C002460,0.056817,2460,gnn_mule/v2
C002461,0.000001,2461,gnn_mule/v2
C002462,0.052770,2462,gnn_mule/v2
C002463,0.758949,2463,gnn_mule/v2
C002464,0.739151,2464,gnn_mule/v2
C002465,0.453631,2465,gnn_mule/v2
C002466,0.020808,2466,gnn_mule/v2
C002467,0.000120,2467,gnn_mule/v2
C002468,0.000156,2468,gnn_mule/v2
C002469,0.000004,2469,gnn_mule/v2
C002470,0.000690,2470,gnn_mule/v2
C002471,0.000516,2471,gnn_mule/v2
C002472,0.087422,2472,gnn_mule/v2
C002473,0.000014,2473,gnn_mule/v2
C002474,0.000054,2474,gnn_mule/v2
C002475,0.538420,2475,gnn_mule/v2
C002476,0.848064,2476,gnn_mule/v2
C002477,0.000107,2477,gnn_mule/v2
C002478,0.001078,2478,gnn_mule/v2
C002479,0.014071,2479,gnn_mule/v2
C002480,0.000003,2480,gnn_mule/v2
C002481,0.010864,2481,gnn_mule/v2
C002482,0.070228,2482,gnn_mule/v2
C002483,0.679784,2483,gnn_mule/v2
C002484,0.000054,2484,gnn_mule/v2
C002485,0.000248,2485,gnn_mule/v2
C002486,0.356551,2486,gnn_mule/v2
C002487,0.000683,2487,gnn_mule/v2
C002488,0.134047,2488,gnn_mule/v2
C002489,0.024235,2489,gnn_mule/v2
C002490,0.001128,2490,gnn_mule/v2
C002491,0.675087,2491,gnn_mule/v2
C002492,0.014537,2492,gnn_mule/v2
C002493,0.000806,2493,gnn_mule/v2
C002494,0.000052,2494,gnn_mule/v2
C002495,0.000004,2495,gnn_mule/v2
C002496,0.000431,2496,gnn_mule/v2
C002497,0.090592,2497,gnn_mule/v2
C002498,0.000009,2498,gnn_mule/v2
C002499,0.999999,2499,gnn_mule/v2
C002500,0.005339,2500,gnn_mule/v2
C002501,0.000055,2501,gnn_mule/v2
C002502,0.012045,2502,gnn_mule/v2
C002503,0.001292,2503,gnn_mule/v2
C002504,0.805459,2504,gnn_mule/v2
C002505,0.814305,2505,gnn_mule/v2
C002506,0.086425,2506,gnn_mule/v2
C002507,0.000001,2507,gnn_mule/v2
C002508,0.000001,2508,gnn_mule/v2
C002509,0.090647,2509,gnn_mule/v2
C002510,0.942538,2510,gnn_mule/v2
C002511,0.648851,2511,gnn_mule/v2
C002512,0.032494,2512,gnn_mule/v2
C002513,0.000071,2513,gnn_mule/v2
C002514,0.000018,2514,gnn_mule/v2
C002515,0.000411,2515,gnn_mule/v2
C002516,0.000001,2516,gnn_mule/v2
C002517,0.000007,2517,gnn_mule/v2
C002518,0.004352,2518,gnn_mule/v2
C002519,0.947853,2519,gnn_mule/v2
C002520,0.000199,2520,gnn_mule/v2
C002521,0.053124,2521,gnn_mule/v2
C002522,0.194879,2522,gnn_mule/v2
C002523,0.112732,2523,gnn_mule/v2
C002524,0.000018,2524,gnn_mule/v2
C002525,0.000147,2525,gnn_mule/v2
C002526,0.001509,2526,gnn_mule/v2
C002527,0.000024,2527,gnn_mule/v2
C002528,0.010902,2528,gnn_mule/v2
C002529,0.000253,2529,gnn_mule/v2
C002530,0.000000,2530,gnn_mule/v2
C002531,0.000000,2531,gnn_mule/v2
C002532,0.000392,2532,gnn_mule/v2
C002533,0.000000,2533,gnn_mule/v2
C002534,0.169035,2534,gnn_mule/v2
C002535,0.318546,2535,gnn_mule/v2
C002536,0.008177,2536,gnn_mule/v2
C002537,0.307707,2537,gnn_mule/v2
C002538,0.000002,2538,gnn_mule/v2
C002539,0.660535,2539,gnn_mule/v2
C002540,0.089871,2540,gnn_mule/v2
C002541,0.000379,2541,gnn_mule/v2
C002542,0.000586,2542,gnn_mule/v2
C002543,0.000118,2543,gnn_mule/v2
C002544,0.000060,2544,gnn_mule/v2
C002545,0.000006,2545,gnn_mule/v2
C002546,0.188523,2546,gnn_mule/v2
C002547,0.001008,2547,gnn_mule/v2
C002548,0.289964,2548,gnn_mule/v2
C002549,0.000175,2549,gnn_mule/v2
C002550,0.000005,2550,gnn_mule/v2
C002551,0.042474,2551,gnn_mule/v2
C002552,0.000002,2552,gnn_mule/v2
C002553,0.000007,2553,gnn_mule/v2
C002554,0.000157,2554,gnn_mule/v2
C002555,0.004238,2555,gnn_mule/v2
C002556,0.000199,2556,gnn_mule/v2
C002557,0.006936,2557,gnn_mule/v2
C002558,0.000478,2558,gnn_mule/v2
C002559,0.000102,2559,gnn_mule/v2
C002560,0.989419,2560,gnn_mule/v2
C002561,0.000290,2561,gnn_mule/v2
C002562,0.000043,2562,gnn_mule/v2
C002563,0.000825,2563,gnn_mule/v2
C002564,0.003300,2564,gnn_mule/v2
C002565,0.007749,2565,gnn_mule/v2
C002566,0.000024,2566,gnn_mule/v2
C002567,0.000023,2567,gnn_mule/v2
C002568,0.072274,2568,gnn_mule/v2
C002569,0.000074,2569,gnn_mule/v2
C002570,0.046587,2570,gnn_mule/v2
C002571,0.000012,2571,gnn_mule/v2
C002572,0.021259,2572,gnn_mule/v2
C002573,0.000195,2573,gnn_mule/v2
C002574,0.249417,2574,gnn_mule/v2
C002575,0.000070,2575,gnn_mule/v2
C002576,0.060807,2576,gnn_mule/v2
C002577,0.000114,2577,gnn_mule/v2
C002578,0.000227,2578,gnn_mule/v2
C002579,0.038572,2579,gnn_mule/v2
C002580,0.888949,2580,gnn_mule/v2
C002581,0.005069,2581,gnn_mule/v2
C002582,0.592336,2582,gnn_mule/v2
C002583,0.003989,2583,gnn_mule/v2
C002584,0.004995,2584,gnn_mule/v2
C002585,0.241023,2585,gnn_mule/v2
C002586,0.701392,2586,gnn_mule/v2
C002587,0.000011,2587,gnn_mule/v2
C002588,0.000001,2588,gnn_mule/v2
C002589,0.000024,2589,gnn_mule/v2
C002590,0.012486,2590,gnn_mule/v2
C002591,0.691556,2591,gnn_mule/v2
C002592,0.560485,2592,gnn_mule/v2
C002593,0.568669,2593,gnn_mule/v2
C002594,1.000000,2594,gnn_mule/v2
C002595,0.000019,2595,gnn_mule/v2
C002596,0.000198,2596,gnn_mule/v2
C002597,0.012327,2597,gnn_mule/v2
C002598,0.000127,2598,gnn_mule/v2
C002599,0.000001,2599,gnn_mule/v2
C002600,0.206692,2600,gnn_mule/v2
C002601,0.000019,2601,gnn_mule/v2
C002602,0.000000,2602,gnn_mule/v2
C002603,0.000705,2603,gnn_mule/v2
C002604,0.000143,2604,gnn_mule/v2
C002605,0.000000,2605,gnn_mule/v2
C002606,0.000039,2606,gnn_mule/v2
C002607,0.000009,2607,gnn_mule/v2
C002608,0.001906,2608,gnn_mule/v2
C002609,0.000375,2609,gnn_mule/v2
C002610,0.000001,2610,gnn_mule/v2
C002611,0.000984,2611,gnn_mule/v2
C002612,0.000535,2612,gnn_mule/v2
C002613,0.000003,2613,gnn_mule/v2
C002614,0.000753,2614,gnn_mule/v2
C002615,0.012004,2615,gnn_mule/v2
C002616,0.003959,2616,gnn_mule/v2
C002617,0.000169,2617,gnn_mule/v2
C002618,0.249089,2618,gnn_mule/v2
C002619,0.016792,2619,gnn_mule/v2
C002620,0.057615,2620,gnn_mule/v2
C002621,0.615342,2621,gnn_mule/v2
C002622,0.000000,2622,gnn_mule/v2
C002623,0.000002,2623,gnn_mule/v2
C002624,0.000744,2624,gnn_mule/v2
C002625,0.000067,2625,gnn_mule/v2
C002626,0.016627,2626,gnn_mule/v2
C002627,0.001800,2627,gnn_mule/v2
C002628,0.001290,2628,gnn_mule/v2
C002629,0.001946,2629,gnn_mule/v2
C002630,0.004311,2630,gnn_mule/v2
C002631,0.512348,2631,gnn_mule/v2
C002632,0.994167,2632,gnn_mule/v2
C002633,0.020590,2633,gnn_mule/v2
C002634,0.000076,2634,gnn_mule/v2
C002635,0.001299,2635,gnn_mule/v2
C002636,0.109255,2636,gnn_mule/v2
C002637,0.045060,2637,gnn_mule/v2
C002638,0.001008,2638,gnn_mule/v2
C002639,0.010900,2639,gnn_mule/v2
C002640,0.000056,2640,gnn_mule/v2
C002641,0.711294,2641,gnn_mule/v2
C002642,0.253750,2642,gnn_mule/v2
C002643,0.084694,2643,gnn_mule/v2
C002644,0.008292,2644,gnn_mule/v2
C002645,0.022058,2645,gnn_mule/v2
C002646,0.000000,2646,gnn_mule/v2
C002647,0.334128,2647,gnn_mule/v2
C002648,0.098465,2648,gnn_mule/v2
C002649,0.110744,2649,gnn_mule/v2
C002650,0.013893,2650,gnn_mule/v2
C002651,0.015158,2651,gnn_mule/v2
C002652,0.000019,2652,gnn_mule/v2
C002653,0.000252,2653,gnn_mule/v2
C002654,0.259426,2654,gnn_mule/v2
C002655,0.035716,2655,gnn_mule/v2
C002656,0.003809,2656,gnn_mule/v2
C002657,0.963381,2657,gnn_mule/v2
C002658,0.000172,2658,gnn_mule/v2
C002659,0.004629,2659,gnn_mule/v2
C002660,0.006512,2660,gnn_mule/v2
C002661,0.000132,2661,gnn_mule/v2
C002662,0.017098,2662,gnn_mule/v2
C002663,0.000003,2663,gnn_mule/v2
C002664,0.139294,2664,gnn_mule/v2
C002665,0.000030,2665,gnn_mule/v2
C002666,0.000077,2666,gnn_mule/v2
C002667,0.743332,2667,gnn_mule/v2
C002668,0.909310,2668,gnn_mule/v2
C002669,0.382181,2669,gnn_mule/v2
C002670,0.021575,2670,gnn_mule/v2
C002671,0.000475,2671,gnn_mule/v2
C002672,0.039495,2672,gnn_mule/v2
C002673,0.284933,2673,gnn_mule/v2
C002674,0.000040,2674,gnn_mule/v2
C002675,0.000568,2675,gnn_mule/v2
C002676,0.724946,2676,gnn_mule/v2
C002677,0.319593,2677,gnn_mule/v2
C002678,0.000011,2678,gnn_mule/v2
C002679,0.000362,2679,gnn_mule/v2
C002680,0.000705,2680,gnn_mule/v2
C002681,0.000066,2681,gnn_mule/v2
C002682,0.000070,2682,gnn_mule/v2
C002683,0.167418,2683,gnn_mule/v2
C002684,0.000007,2684,gnn_mule/v2
C002685,0.000550,2685,gnn_mule/v2
C002686,0.482616,2686,gnn_mule/v2
C002687,0.001485,2687,gnn_mule/v2
C002688,0.000865,2688,gnn_mule/v2
C002689,0.000461,2689,gnn_mule/v2
C002690,0.171706,2690,gnn_mule/v2
C002691,0.000258,2691,gnn_mule/v2
C002692,0.000250,2692,gnn_mule/v2
C002693,0.000021,2693,gnn_mule/v2
C002694,0.775173,2694,gnn_mule/v2
C002695,0.999129,2695,gnn_mule/v2
C002696,0.009408,2696,gnn_mule/v2
C002697,0.000065,2697,gnn_mule/v2
C002698,0.000004,2698,gnn_mule/v2
C002699,0.000055,2699,gnn_mule/v2
C002700,0.000000,2700,gnn_mule/v2
C002701,0.000049,2701,gnn_mule/v2
C002702,0.001321,2702,gnn_mule/v2
C002703,0.000145,2703,gnn_mule/v2
C002704,0.001529,2704,gnn_mule/v2
C002705,0.442955,2705,gnn_mule/v2
C002706,0.000028,2706,gnn_mule/v2
C002707,0.004278,2707,gnn_mule/v2
C002708,0.203880,2708,gnn_mule/v2
C002709,0.000697,2709,gnn_mule/v2
C002710,0.649261,2710,gnn_mule/v2
C002711,0.073125,2711,gnn_mule/v2
C002712,0.569288,2712,gnn_mule/v2
C002713,0.017354,2713,gnn_mule/v2
C002714,0.002559,2714,gnn_mule/v2
C002715,0.000162,2715,gnn_mule/v2
C002716,0.000333,2716,gnn_mule/v2
C002717,0.000848,2717,gnn_mule/v2
C002718,0.013417,2718,gnn_mule/v2
C002719,0.000077,2719,gnn_mule/v2
C002720,0.043473,2720,gnn_mule/v2
C002721,0.169248,2721,gnn_mule/v2
C002722,0.000385,2722,gnn_mule/v2
C002723,0.000038,2723,gnn_mule/v2
C002724,0.000413,2724,gnn_mule/v2
C002725,0.006540,2725,gnn_mule/v2
C002726,0.624379,2726,gnn_mule/v2
C002727,0.924917,2727,gnn_mule/v2
C002728,0.008906,2728,gnn_mule/v2
C002729,0.000015,2729,gnn_mule/v2
C002730,0.000029,2730,gnn_mule/v2
C002731,0.687470,2731,gnn_mule/v2
C002732,0.000051,2732,gnn_mule/v2
C002733,0.001295,2733,gnn_mule/v2
C002734,0.000032,2734,gnn_mule/v2
C002735,0.023146,2735,gnn_mule/v2
C002736,0.999999,2736,gnn_mule/v2
C002737,0.064368,2737,gnn_mule/v2
C002738,0.000725,2738,gnn_mule/v2
C002739,0.000003,2739,gnn_mule/v2
C002740,0.000001,2740,gnn_mule/v2
C002741,0.000002,2741,gnn_mule/v2
C002742,0.003150,2742,gnn_mule/v2
C002743,0.000579,2743,gnn_mule/v2
C002744,0.003716,2744,gnn_mule/v2
C002745,0.000161,2745,gnn_mule/v2
C002746,0.000733,2746,gnn_mule/v2
C002747,0.144977,2747,gnn_mule/v2
C002748,0.087493,2748,gnn_mule/v2
C002749,0.199781,2749,gnn_mule/v2
C002750,0.292604,2750,gnn_mule/v2
C002751,0.008274,2751,gnn_mule/v2
C002752,0.002229,2752,gnn_mule/v2
C002753,0.000127,2753,gnn_mule/v2
C002754,0.000050,2754,gnn_mule/v2
C002755,0.000451,2755,gnn_mule/v2
C002756,0.443153,2756,gnn_mule/v2
C002757,0.616391,2757,gnn_mule/v2
C002758,0.000014,2758,gnn_mule/v2
C002759,0.015521,2759,gnn_mule/v2
C002760,0.032086,2760,gnn_mule/v2
C002761,0.001216,2761,gnn_mule/v2
C002762,0.687313,2762,gnn_mule/v2
C002763,0.774083,2763,gnn_mule/v2
C002764,0.000001,2764,gnn_mule/v2
C002765,0.186524,2765,gnn_mule/v2
C002766,0.007054,2766,gnn_mule/v2
C002767,0.997710,2767,gnn_mule/v2
C002768,0.513487,2768,gnn_mule/v2
C002769,0.000128,2769,gnn_mule/v2
C002770,0.000009,2770,gnn_mule/v2
C002771,0.078302,2771,gnn_mule/v2
C002772,0.000010,2772,gnn_mule/v2
C002773,0.000000,2773,gnn_mule/v2
C002774,0.050936,2774,gnn_mule/v2
C002775,0.000010,2775,gnn_mule/v2
C002776,0.042266,2776,gnn_mule/v2
C002777,0.273906,2777,gnn_mule/v2
C002778,0.000313,2778,gnn_mule/v2
C002779,0.000093,2779,gnn_mule/v2
C002780,0.000021,2780,gnn_mule/v2
C002781,0.000026,2781,gnn_mule/v2
C002782,0.141022,2782,gnn_mule/v2
C002783,0.000289,2783,gnn_mule/v2
C002784,0.971796,2784,gnn_mule/v2
C002785,0.008715,2785,gnn_mule/v2
C002786,0.926014,2786,gnn_mule/v2
C002787,0.002998,2787,gnn_mule/v2
C002788,0.071797,2788,gnn_mule/v2
C002789,0.277425,2789,gnn_mule/v2
C002790,0.819711,2790,gnn_mule/v2
C002791,0.037088,2791,gnn_mule/v2
C002792,0.000099,2792,gnn_mule/v2
C002793,0.173114,2793,gnn_mule/v2
C002794,0.000045,2794,gnn_mule/v2
C002795,0.000010,2795,gnn_mule/v2
C002796,0.083164,2796,gnn_mule/v2
C002797,0.000036,2797,gnn_mule/v2
C002798,0.000573,2798,gnn_mule/v2
C002799,0.610409,2799,gnn_mule/v2
C002800,0.000000,2800,gnn_mule/v2
C002801,0.031173,2801,gnn_mule/v2
C002802,0.009347,2802,gnn_mule/v2
C002803,0.006753,2803,gnn_mule/v2
C002804,0.000003,2804,gnn_mule/v2
C002805,0.012655,2805,gnn_mule/v2
C002806,0.000023,2806,gnn_mule/v2
C002807,0.000111,2807,gnn_mule/v2
C002808,0.105258,2808,gnn_mule/v2
C002809,0.040922,2809,gnn_mule/v2
C002810,0.000016,2810,gnn_mule/v2
C002811,0.000548,2811,gnn_mule/v2
C002812,0.928601,2812,gnn_mule/v2
C002813,0.174208,2813,gnn_mule/v2
C002814,0.404879,2814,gnn_mule/v2
C002815,0.000203,2815,gnn_mule/v2
C002816,0.056451,2816,gnn_mule/v2
C002817,0.041726,2817,gnn_mule/v2
C002818,0.000009,2818,gnn_mule/v2
C002819,0.000006,2819,gnn_mule/v2
C002820,0.000909,2820,gnn_mule/v2
C002821,0.700258,2821,gnn_mule/v2
C002822,0.005227,2822,gnn_mule/v2
C002823,0.001291,2823,gnn_mule/v2
C002824,0.413564,2824,gnn_mule/v2
C002825,0.000069,2825,gnn_mule/v2
C002826,0.011928,2826,gnn_mule/v2
C002827,0.935245,2827,gnn_mule/v2
C002828,0.296986,2828,gnn_mule/v2
C002829,0.000009,2829,gnn_mule/v2
C002830,0.147986,2830,gnn_mule/v2
C002831,0.091121,2831,gnn_mule/v2
C002832,0.224497,2832,gnn_mule/v2
C002833,0.027522,2833,gnn_mule/v2
C002834,0.001358,2834,gnn_mule/v2
C002835,0.003431,2835,gnn_mule/v2
C002836,0.021096,2836,gnn_mule/v2
C002837,0.818195,2837,gnn_mule/v2
C002838,0.031129,2838,gnn_mule/v2
C002839,0.000331,2839,gnn_mule/v2
C002840,0.074210,2840,gnn_mule/v2
C002841,0.242931,2841,gnn_mule/v2
C002842,0.000314,2842,gnn_mule/v2
C002843,0.161107,2843,gnn_mule/v2
C002844,0.000035,2844,gnn_mule/v2
C002845,0.999998,2845,gnn_mule/v2
C002846,0.389296,2846,gnn_mule/v2
C002847,0.808727,2847,gnn_mule/v2
C002848,0.000000,2848,gnn_mule/v2
C002849,0.000166,2849,gnn_mule/v2
C002850,0.067422,2850,gnn_mule/v2
C002851,0.436117,2851,gnn_mule/v2
C002852,0.086655,2852,gnn_mule/v2
C002853,0.000041,2853,gnn_mule/v2
C002854,0.004689,2854,gnn_mule/v2
C002855,0.010196,2855,gnn_mule/v2
C002856,0.001097,2856,gnn_mule/v2
C002857,0.000006,2857,gnn_mule/v2
C002858,0.000126,2858,gnn_mule/v2
C002859,0.360926,2859,gnn_mule/v2
C002860,0.000003,2860,gnn_mule/v2
C002861,0.343837,2861,gnn_mule/v2
C002862,0.029777,2862,gnn_mule/v2
C002863,0.000010,2863,gnn_mule/v2
C002864,0.983589,2864,gnn_mule/v2
C002865,0.000004,2865,gnn_mule/v2
C002866,0.005860,2866,gnn_mule/v2
C002867,0.013555,2867,gnn_mule/v2
C002868,0.000001,2868,gnn_mule/v2
C002869,0.000001,2869,gnn_mule/v2
C002870,0.001521,2870,gnn_mule/v2
C002871,0.873681,2871,gnn_mule/v2
C002872,0.003689,2872,gnn_mule/v2
C002873,0.001665,2873,gnn_mule/v2
C002874,0.000870,2874,gnn_mule/v2
C002875,0.001794,2875,gnn_mule/v2
C002876,0.004161,2876,gnn_mule/v2
C002877,0.000025,2877,gnn_mule/v2
C002878,0.020184,2878,gnn_mule/v2
C002879,0.000092,2879,gnn_mule/v2
C002880,0.140601,2880,gnn_mule/v2
C002881,0.043625,2881,gnn_mule/v2
C002882,0.000001,2882,gnn_mule/v2
C002883,0.002126,2883,gnn_mule/v2
C002884,0.012046,2884,gnn_mule/v2
C002885,0.000037,2885,gnn_mule/v2
C002886,0.000137,2886,gnn_mule/v2
C002887,0.936397,2887,gnn_mule/v2
C002888,0.000000,2888,gnn_mule/v2
C002889,0.000098,2889,gnn_mule/v2
C002890,0.000617,2890,gnn_mule/v2
C002891,0.009557,2891,gnn_mule/v2
C002892,0.000467,2892,gnn_mule/v2
C002893,0.000003,2893,gnn_mule/v2
C002894,0.000007,2894,gnn_mule/v2
C002895,0.006360,2895,gnn_mule/v2
C002896,0.014881,2896,gnn_mule/v2
C002897,0.028870,2897,gnn_mule/v2
C002898,0.071876,2898,gnn_mule/v2
C002899,0.001425,2899,gnn_mule/v2
C002900,0.001140,2900,gnn_mule/v2
C002901,0.205436,2901,gnn_mule/v2
C002902,0.003287,2902,gnn_mule/v2
C002903,0.959000,2903,gnn_mule/v2
C002904,0.000020,2904,gnn_mule/v2
C002905,0.000002,2905,gnn_mule/v2
C002906,0.285395,2906,gnn_mule/v2
C002907,0.132898,2907,gnn_mule/v2
C002908,0.002648,2908,gnn_mule/v2
C002909,0.002918,2909,gnn_mule/v2
C002910,0.000002,2910,gnn_mule/v2
C002911,0.999314,2911,gnn_mule/v2
C002912,0.160654,2912,gnn_mule/v2
C002913,0.000093,2913,gnn_mule/v2
C002914,0.000238,2914,gnn_mule/v2
C002915,0.000004,2915,gnn_mule/v2
C002916,0.569638,2916,gnn_mule/v2
C002917,0.064696,2917,gnn_mule/v2
C002918,0.570301,2918,gnn_mule/v2
C002919,0.057887,2919,gnn_mule/v2
C002920,0.009506,2920,gnn_mule/v2
C002921,0.061070,2921,gnn_mule/v2
C002922,0.004193,2922,gnn_mule/v2
C002923,0.002541,2923,gnn_mule/v2
C002924,0.000006,2924,gnn_mule/v2
C002925,0.001033,2925,gnn_mule/v2
C002926,0.011130,2926,gnn_mule/v2
C002927,0.000001,2927,gnn_mule/v2
C002928,0.006411,2928,gnn_mule/v2
C002929,0.000003,2929,gnn_mule/v2
C002930,0.051422,2930,gnn_mule/v2
C002931,0.016988,2931,gnn_mule/v2
C002932,0.000863,2932,gnn_mule/v2
C002933,0.000084,2933,gnn_mule/v2
C002934,0.068961,2934,gnn_mule/v2
C002935,0.000029,2935,gnn_mule/v2
C002936,0.000000,2936,gnn_mule/v2
C002937,0.000008,2937,gnn_mule/v2
C002938,0.037898,2938,gnn_mule/v2
C002939,0.027250,2939,gnn_mule/v2
C002940,0.000022,2940,gnn_mule/v2
C002941,0.000924,2941,gnn_mule/v2
C002942,0.539241,2942,gnn_mule/v2
C002943,0.841732,2943,gnn_mule/v2
C002944,0.036503,2944,gnn_mule/v2
C002945,0.000082,2945,gnn_mule/v2
C002946,0.527249,2946,gnn_mule/v2
C002947,0.610189,2947,gnn_mule/v2
C002948,0.000081,2948,gnn_mule/v2
C002949,0.134825,2949,gnn_mule/v2
C002950,0.711961,2950,gnn_mule/v2
C002951,0.000021,2951,gnn_mule/v2
C002952,0.995616,2952,gnn_mule/v2
C002953,0.001848,2953,gnn_mule/v2
C002954,0.056503,2954,gnn_mule/v2
C002955,0.000006,2955,gnn_mule/v2
C002956,0.993393,2956,gnn_mule/v2
C002957,0.003480,2957,gnn_mule/v2
C002958,0.000647,2958,gnn_mule/v2
C002959,0.645479,2959,gnn_mule/v2
C002960,0.871455,2960,gnn_mule/v2
C002961,0.004412,2961,gnn_mule/v2
C002962,0.000051,2962,gnn_mule/v2
C002963,0.000428,2963,gnn_mule/v2
C002964,0.001902,2964,gnn_mule/v2
C002965,0.550243,2965,gnn_mule/v2
C002966,0.051792,2966,gnn_mule/v2
C002967,0.042325,2967,gnn_mule/v2
C002968,0.075442,2968,gnn_mule/v2
C002969,0.121547,2969,gnn_mule/v2
C002970,0.000098,2970,gnn_mule/v2
C002971,0.000360,2971,gnn_mule/v2
C002972,0.017209,2972,gnn_mule/v2
C002973,0.000086,2973,gnn_mule/v2
C002974,0.000002,2974,gnn_mule/v2
C002975,0.001489,2975,gnn_mule/v2
C002976,0.001135,2976,gnn_mule/v2
C002977,0.633608,2977,gnn_mule/v2
C002978,0.000037,2978,gnn_mule/v2
C002979,0.000074,2979,gnn_mule/v2
C002980,0.020548,2980,gnn_mule/v2
C002981,0.000048,2981,gnn_mule/v2
C002982,0.994823,2982,gnn_mule/v2
C002983,0.288687,2983,gnn_mule/v2
C002984,0.036802,2984,gnn_mule/v2
C002985,0.000483,2985,gnn_mule/v2
C002986,0.220027,2986,gnn_mule/v2
C002987,0.001097,2987,gnn_mule/v2
C002988,0.331259,2988,gnn_mule/v2
C002989,0.000003,2989,gnn_mule/v2
C002990,0.000858,2990,gnn_mule/v2
C002991,0.000148,2991,gnn_mule/v2
C002992,0.375446,2992,gnn_mule/v2
C002993,0.000000,2993,gnn_mule/v2
C002994,0.010972,2994,gnn_mule/v2
C002995,0.007844,2995,gnn_mule/v2
C002996,0.354914,2996,gnn_mule/v2
C002997,0.000007,2997,gnn_mule/v2
C002998,0.000085,2998,gnn_mule/v2
C002999,0.057607,2999,gnn_mule/v2
C003000,0.000271,3000,gnn_mule/v2
C003001,0.000044,3001,gnn_mule/v2
C003002,0.000002,3002,gnn_mule/v2
C003003,0.000189,3003,gnn_mule/v2
C003004,0.957864,3004,gnn_mule/v2
C003005,0.000057,3005,gnn_mule/v2
C003006,0.004337,3006,gnn_mule/v2
C003007,0.186097,3007,gnn_mule/v2
C003008,0.002920,3008,gnn_mule/v2
C003009,0.995414,3009,gnn_mule/v2
C003010,0.971905,3010,gnn_mule/v2
C003011,0.512234,3011,gnn_mule/v2
C003012,0.077982,3012,gnn_mule/v2
C003013,0.000001,3013,gnn_mule/v2
C003014,0.013217,3014,gnn_mule/v2
C003015,0.000002,3015,gnn_mule/v2
C003016,0.000040,3016,gnn_mule/v2
C003017,0.001093,3017,gnn_mule/v2
C003018,0.020828,3018,gnn_mule/v2
C003019,0.000167,3019,gnn_mule/v2
C003020,0.869168,3020,gnn_mule/v2
C003021,0.176461,3021,gnn_mule/v2
C003022,0.000002,3022,gnn_mule/v2
C003023,0.000000,3023,gnn_mule/v2
C003024,0.000059,3024,gnn_mule/v2
C003025,0.006567,3025,gnn_mule/v2
C003026,0.015468,3026,gnn_mule/v2
C003027,0.409145,3027,gnn_mule/v2
C003028,0.000118,3028,gnn_mule/v2
C003029,0.000032,3029,gnn_mule/v2
C003030,0.140421,3030,gnn_mule/v2
C003031,0.105324,3031,gnn_mule/v2
C003032,0.046426,3032,gnn_mule/v2
C003033,0.000455,3033,gnn_mule/v2
C003034,0.000181,3034,gnn_mule/v2
C003035,0.000304,3035,gnn_mule/v2
C003036,0.001471,3036,gnn_mule/v2
C003037,0.001213,3037,gnn_mule/v2
C003038,0.024237,3038,gnn_mule/v2
C003039,0.008239,3039,gnn_mule/v2
C003040,0.001118,3040,gnn_mule/v2
C003041,0.878393,3041,gnn_mule/v2
C003042,0.000000,3042,gnn_mule/v2
C003043,0.282407,3043,gnn_mule/v2
C003044,0.097374,3044,gnn_mule/v2
C003045,0.000001,3045,gnn_mule/v2
C003046,0.020550,3046,gnn_mule/v2
C003047,0.000413,3047,gnn_mule/v2
C003048,0.000008,3048,gnn_mule/v2
C003049,0.010856,3049,gnn_mule/v2
C003050,0.000012,3050,gnn_mule/v2
C003051,0.001304,3051,gnn_mule/v2
C003052,0.532625,3052,gnn_mule/v2
C003053,0.003144,3053,gnn_mule/v2
C003054,0.056075,3054,gnn_mule/v2
C003055,0.000002,3055,gnn_mule/v2
C003056,0.488434,3056,gnn_mule/v2
C003057,0.000484,3057,gnn_mule/v2
C003058,0.007820,3058,gnn_mule/v2
C003059,0.999814,3059,gnn_mule/v2
C003060,0.007144,3060,gnn_mule/v2
C003061,1.000000,3061,gnn_mule/v2
C003062,0.114700,3062,gnn_mule/v2
C003063,0.217591,3063,gnn_mule/v2
C003064,0.162271,3064,gnn_mule/v2
C003065,0.000425,3065,gnn_mule/v2
C003066,0.000034,3066,gnn_mule/v2
C003067,0.003379,3067,gnn_mule/v2
C003068,0.907424,3068,gnn_mule/v2
C003069,0.000128,3069,gnn_mule/v2
C003070,0.055040,3070,gnn_mule/v2
C003071,0.000157,3071,gnn_mule/v2
C003072,0.000000,3072,gnn_mule/v2
C003073,0.000402,3073,gnn_mule/v2
C003074,0.000234,3074,gnn_mule/v2
C003075,0.008089,3075,gnn_mule/v2
C003076,0.010391,3076,gnn_mule/v2
C003077,0.790105,3077,gnn_mule/v2
C003078,0.000875,3078,gnn_mule/v2
C003079,0.000002,3079,gnn_mule/v2
C003080,0.000001,3080,gnn_mule/v2
C003081,0.003935,3081,gnn_mule/v2
C003082,0.018763,3082,gnn_mule/v2
C003083,0.000468,3083,gnn_mule/v2
C003084,0.000004,3084,gnn_mule/v2
C003085,0.000012,3085,gnn_mule/v2
C003086,0.060750,3086,gnn_mule/v2
C003087,0.000013,3087,gnn_mule/v2
C003088,0.000006,3088,gnn_mule/v2
C003089,0.812011,3089,gnn_mule/v2
C003090,0.000003,3090,gnn_mule/v2
C003091,0.000001,3091,gnn_mule/v2
C003092,0.007700,3092,gnn_mule/v2
C003093,0.001053,3093,gnn_mule/v2
C003094,0.001838,3094,gnn_mule/v2
C003095,0.007875,3095,gnn_mule/v2
C003096,0.141316,3096,gnn_mule/v2
C003097,0.000000,3097,gnn_mule/v2
C003098,0.002977,3098,gnn_mule/v2
C003099,0.170257,3099,gnn_mule/v2
C003100,0.000074,3100,gnn_mule/v2
C003101,0.092723,3101,gnn_mule/v2
C003102,0.789406,3102,gnn_mule/v2
C003103,0.000138,3103,gnn_mule/v2
C003104,0.000008,3104,gnn_mule/v2
C003105,0.000026,3105,gnn_mule/v2
C003106,0.000003,3106,gnn_mule/v2
C003107,0.935701,3107,gnn_mule/v2
C003108,0.000001,3108,gnn_mule/v2
C003109,0.004035,3109,gnn_mule/v2
C003110,0.001146,3110,gnn_mule/v2
C003111,0.131297,3111,gnn_mule/v2
C003112,0.000002,3112,gnn_mule/v2
C003113,0.000564,3113,gnn_mule/v2
C003114,0.509054,3114,gnn_mule/v2
C003115,0.000107,3115,gnn_mule/v2
C003116,0.116941,3116,gnn_mule/v2
C003117,0.000407,3117,gnn_mule/v2
C003118,0.002533,3118,gnn_mule/v2
C003119,0.015140,3119,gnn_mule/v2
C003120,0.000985,3120,gnn_mule/v2
C003121,0.001660,3121,gnn_mule/v2
C003122,0.000007,3122,gnn_mule/v2
C003123,0.002363,3123,gnn_mule/v2
C003124,0.000003,3124,gnn_mule/v2
C003125,0.001350,3125,gnn_mule/v2
C003126,0.000001,3126,gnn_mule/v2
C003127,0.055809,3127,gnn_mule/v2
C003128,0.002434,3128,gnn_mule/v2
C003129,0.000474,3129,gnn_mule/v2
C003130,0.000004,3130,gnn_mule/v2
C003131,0.035368,3131,gnn_mule/v2
C003132,0.000180,3132,gnn_mule/v2
C003133,0.455487,3133,gnn_mule/v2
C003134,0.005235,3134,gnn_mule/v2
C003135,0.000000,3135,gnn_mule/v2
C003136,0.000029,3136,gnn_mule/v2
C003137,0.012036,3137,gnn_mule/v2
C003138,0.000088,3138,gnn_mule/v2
C003139,0.023986,3139,gnn_mule/v2
C003140,0.507631,3140,gnn_mule/v2
C003141,0.000030,3141,gnn_mule/v2
C003142,0.000155,3142,gnn_mule/v2
C003143,0.000130,3143,gnn_mule/v2
C003144,0.003924,3144,gnn_mule/v2
C003145,0.298384,3145,gnn_mule/v2
C003146,0.008888,3146,gnn_mule/v2
C003147,0.000000,3147,gnn_mule/v2
C003148,0.234518,3148,gnn_mule/v2
C003149,0.095151,3149,gnn_mule/v2
C003150,0.000924,3150,gnn_mule/v2
C003151,0.003379,3151,gnn_mule/v2
C003152,0.027189,3152,gnn_mule/v2
C003153,0.012300,3153,gnn_mule/v2
C003154,0.342091,3154,gnn_mule/v2
C003155,0.000005,3155,gnn_mule/v2
C003156,0.002061,3156,gnn_mule/v2
C003157,0.073549,3157,gnn_mule/v2
C003158,0.919631,3158,gnn_mule/v2
C003159,0.493029,3159,gnn_mule/v2
C003160,0.001795,3160,gnn_mule/v2
C003161,0.004971,3161,gnn_mule/v2
C003162,0.006692,3162,gnn_mule/v2
C003163,0.004160,3163,gnn_mule/v2
C003164,0.007076,3164,gnn_mule/v2
C003165,0.176824,3165,gnn_mule/v2
C003166,0.195011,3166,gnn_mule/v2
C003167,0.409730,3167,gnn_mule/v2
C003168,0.987003,3168,gnn_mule/v2
C003169,0.000032,3169,gnn_mule/v2
C003170,0.000105,3170,gnn_mule/v2
C003171,0.000001,3171,gnn_mule/v2
C003172,0.000003,3172,gnn_mule/v2
C003173,0.000012,3173,gnn_mule/v2
C003174,0.000137,3174,gnn_mule/v2
C003175,0.002441,3175,gnn_mule/v2
C003176,0.004607,3176,gnn_mule/v2
C003177,0.000060,3177,gnn_mule/v2
C003178,0.000021,3178,gnn_mule/v2
C003179,0.006062,3179,gnn_mule/v2
C003180,0.000817,3180,gnn_mule/v2
C003181,0.062735,3181,gnn_mule/v2
C003182,0.000050,3182,gnn_mule/v2
C003183,0.876621,3183,gnn_mule/v2
C003184,0.692581,3184,gnn_mule/v2
C003185,0.000970,3185,gnn_mule/v2
C003186,0.000493,3186,gnn_mule/v2
C003187,0.000802,3187,gnn_mule/v2
C003188,0.998822,3188,gnn_mule/v2
C003189,0.000020,3189,gnn_mule/v2
C003190,0.032488,3190,gnn_mule/v2
C003191,0.914245,3191,gnn_mule/v2
C003192,0.841551,3192,gnn_mule/v2
C003193,0.003317,3193,gnn_mule/v2
C003194,0.000031,3194,gnn_mule/v2
C003195,0.999996,3195,gnn_mule/v2
C003196,0.002526,3196,gnn_mule/v2
C003197,0.143201,3197,gnn_mule/v2
C003198,0.000000,3198,gnn_mule/v2
C003199,0.878836,3199,gnn_mule/v2
C003200,0.025540,3200,gnn_mule/v2
C003201,0.000059,3201,gnn_mule/v2
C003202,0.901086,3202,gnn_mule/v2
C003203,0.000058,3203,gnn_mule/v2
C003204,0.046545,3204,gnn_mule/v2
C003205,0.567781,3205,gnn_mule/v2
C003206,0.000344,3206,gnn_mule/v2
C003207,0.000009,3207,gnn_mule/v2
C003208,0.072321,3208,gnn_mule/v2
C003209,0.000307,3209,gnn_mule/v2
C003210,0.000111,3210,gnn_mule/v2
C003211,0.004180,3211,gnn_mule/v2
C003212,0.004313,3212,gnn_mule/v2
C003213,0.017544,3213,gnn_mule/v2
C003214,0.000012,3214,gnn_mule/v2
C003215,0.015471,3215,gnn_mule/v2
C003216,0.542132,3216,gnn_mule/v2
C003217,0.004020,3217,gnn_mule/v2
C003218,0.263388,3218,gnn_mule/v2
C003219,0.000013,3219,gnn_mule/v2
C003220,0.000025,3220,gnn_mule/v2
C003221,0.000324,3221,gnn_mule/v2
C003222,0.012185,3222,gnn_mule/v2
C003223,0.000002,3223,gnn_mule/v2
C003224,0.000045,3224,gnn_mule/v2
C003225,0.000058,3225,gnn_mule/v2
C003226,0.000273,3226,gnn_mule/v2
C003227,0.903357,3227,gnn_mule/v2
C003228,0.014391,3228,gnn_mule/v2
C003229,0.064892,3229,gnn_mule/v2
C003230,0.001955,3230,gnn_mule/v2
C003231,0.002260,3231,gnn_mule/v2
C003232,0.001572,3232,gnn_mule/v2
C003233,0.007730,3233,gnn_mule/v2
C003234,0.001495,3234,gnn_mule/v2
C003235,0.000201,3235,gnn_mule/v2
C003236,0.392598,3236,gnn_mule/v2
C003237,0.000008,3237,gnn_mule/v2
C003238,0.000554,3238,gnn_mule/v2
C003239,0.242721,3239,gnn_mule/v2
C003240,0.007042,3240,gnn_mule/v2
C003241,0.000000,3241,gnn_mule/v2
C003242,0.057857,3242,gnn_mule/v2
C003243,0.809320,3243,gnn_mule/v2
C003244,0.270542,3244,gnn_mule/v2
C003245,0.062062,3245,gnn_mule/v2
C003246,0.111042,3246,gnn_mule/v2
C003247,0.008119,3247,gnn_mule/v2
C003248,0.000033,3248,gnn_mule/v2
C003249,0.000014,3249,gnn_mule/v2
C003250,0.000240,3250,gnn_mule/v2
C003251,0.028315,3251,gnn_mule/v2
C003252,0.051615,3252,gnn_mule/v2
C003253,0.096035,3253,gnn_mule/v2
C003254,0.999989,3254,gnn_mule/v2
C003255,0.019946,3255,gnn_mule/v2
C003256,0.037422,3256,gnn_mule/v2
C003257,0.009220,3257,gnn_mule/v2
C003258,0.000022,3258,gnn_mule/v2
C003259,0.075954,3259,gnn_mule/v2
C003260,0.000331,3260,gnn_mule/v2
C003261,0.009140,3261,gnn_mule/v2
C003262,0.309591,3262,gnn_mule/v2
C003263,0.000419,3263,gnn_mule/v2
C003264,0.770249,3264,gnn_mule/v2
C003265,0.000396,3265,gnn_mule/v2
C003266,0.002199,3266,gnn_mule/v2
C003267,0.000005,3267,gnn_mule/v2
C003268,0.071728,3268,gnn_mule/v2
C003269,0.000380,3269,gnn_mule/v2
C003270,0.000000,3270,gnn_mule/v2
C003271,0.000041,3271,gnn_mule/v2
C003272,0.005190,3272,gnn_mule/v2
C003273,0.000325,3273,gnn_mule/v2
C003274,0.206019,3274,gnn_mule/v2
C003275,0.000326,3275,gnn_mule/v2
C003276,0.000076,3276,gnn_mule/v2
C003277,0.143300,3277,gnn_mule/v2
C003278,0.002494,3278,gnn_mule/v2
C003279,0.000774,3279,gnn_mule/v2
C003280,0.000448,3280,gnn_mule/v2
C003281,0.000228,3281,gnn_mule/v2
C003282,0.000266,3282,gnn_mule/v2
C003283,0.000036,3283,gnn_mule/v2
C003284,0.140343,3284,gnn_mule/v2
C003285,0.000978,3285,gnn_mule/v2
C003286,0.984996,3286,gnn_mule/v2
C003287,0.000031,3287,gnn_mule/v2
C003288,0.147763,3288,gnn_mule/v2
C003289,0.271507,3289,gnn_mule/v2
C003290,0.004416,3290,gnn_mule/v2
C003291,0.957660,3291,gnn_mule/v2
C003292,0.251833,3292,gnn_mule/v2
C003293,0.638954,3293,gnn_mule/v2
C003294,0.001663,3294,gnn_mule/v2
C003295,0.000183,3295,gnn_mule/v2
C003296,0.072176,3296,gnn_mule/v2
C003297,0.088140,3297,gnn_mule/v2
C003298,0.000000,3298,gnn_mule/v2
C003299,0.000007,3299,gnn_mule/v2
C003300,0.988664,3300,gnn_mule/v2
C003301,0.000007,3301,gnn_mule/v2
C003302,0.004922,3302,gnn_mule/v2
C003303,0.364536,3303,gnn_mule/v2
C003304,0.007766,3304,gnn_mule/v2
C003305,0.850053,3305,gnn_mule/v2
C003306,0.516959,3306,gnn_mule/v2
C003307,0.065271,3307,gnn_mule/v2
C003308,0.002866,3308,gnn_mule/v2
C003309,0.000024,3309,gnn_mule/v2
C003310,0.001589,3310,gnn_mule/v2
C003311,0.000198,3311,gnn_mule/v2
C003312,0.000016,3312,gnn_mule/v2
C003313,0.819112,3313,gnn_mule/v2
C003314,0.422343,3314,gnn_mule/v2
C003315,0.187469,3315,gnn_mule/v2
C003316,0.547133,3316,gnn_mule/v2
C003317,0.325666,3317,gnn_mule/v2
C003318,0.000001,3318,gnn_mule/v2
C003319,0.000009,3319,gnn_mule/v2
C003320,0.497672,3320,gnn_mule/v2
C003321,0.310506,3321,gnn_mule/v2
C003322,0.011674,3322,gnn_mule/v2
C003323,0.002747,3323,gnn_mule/v2
C003324,0.027162,3324,gnn_mule/v2
C003325,0.001040,3325,gnn_mule/v2
C003326,0.003801,3326,gnn_mule/v2
C003327,0.002119,3327,gnn_mule/v2
C003328,0.002714,3328,gnn_mule/v2
C003329,0.027281,3329,gnn_mule/v2
C003330,0.000984,3330,gnn_mule/v2
C003331,0.000042,3331,gnn_mule/v2
C003332,0.000002,3332,gnn_mule/v2
C003333,0.017622,3333,gnn_mule/v2
C003334,0.954507,3334,gnn_mule/v2
C003335,0.001526,3335,gnn_mule/v2
C003336,0.007465,3336,gnn_mule/v2
C003337,0.000006,3337,gnn_mule/v2
C003338,0.423995,3338,gnn_mule/v2
C003339,0.002961,3339,gnn_mule/v2
C003340,0.000002,3340,gnn_mule/v2
C003341,0.000139,3341,gnn_mule/v2
C003342,0.011883,3342,gnn_mule/v2
C003343,0.012650,3343,gnn_mule/v2
C003344,0.014227,3344,gnn_mule/v2
C003345,0.668626,3345,gnn_mule/v2
C003346,0.000003,3346,gnn_mule/v2
C003347,0.019289,3347,gnn_mule/v2
C003348,0.000024,3348,gnn_mule/v2
C003349,0.000006,3349,gnn_mule/v2
C003350,0.000127,3350,gnn_mule/v2
C003351,0.758484,3351,gnn_mule/v2
C003352,0.005887,3352,gnn_mule/v2
C003353,0.002207,3353,gnn_mule/v2
C003354,0.000617,3354,gnn_mule/v2
C003355,0.001126,3355,gnn_mule/v2
C003356,0.000053,3356,gnn_mule/v2
C003357,0.070194,3357,gnn_mule/v2
C003358,0.000063,3358,gnn_mule/v2
C003359,0.004197,3359,gnn_mule/v2
C003360,0.089976,3360,gnn_mule/v2
C003361,0.003172,3361,gnn_mule/v2
C003362,0.018291,3362,gnn_mule/v2
C003363,0.040659,3363,gnn_mule/v2
C003364,0.028708,3364,gnn_mule/v2
C003365,0.007819,3365,gnn_mule/v2
C003366,0.097714,3366,gnn_mule/v2
C003367,0.000045,3367,gnn_mule/v2
C003368,0.025966,3368,gnn_mule/v2
C003369,0.024500,3369,gnn_mule/v2
C003370,0.144963,3370,gnn_mule/v2
C003371,0.001457,3371,gnn_mule/v2
C003372,0.000121,3372,gnn_mule/v2
C003373,0.000900,3373,gnn_mule/v2
C003374,0.000152,3374,gnn_mule/v2
C003375,0.090410,3375,gnn_mule/v2
C003376,0.000810,3376,gnn_mule/v2
C003377,0.011617,3377,gnn_mule/v2
C003378,0.000293,3378,gnn_mule/v2
C003379,0.265809,3379,gnn_mule/v2
C003380,0.234001,3380,gnn_mule/v2
C003381,0.302988,3381,gnn_mule/v2
C003382,0.000085,3382,gnn_mule/v2
C003383,0.003432,3383,gnn_mule/v2
C003384,0.002193,3384,gnn_mule/v2
C003385,0.001776,3385,gnn_mule/v2
C003386,0.165263,3386,gnn_mule/v2
C003387,0.000025,3387,gnn_mule/v2
C003388,0.482910,3388,gnn_mule/v2
C003389,0.000155,3389,gnn_mule/v2
C003390,0.010138,3390,gnn_mule/v2
C003391,0.000215,3391,gnn_mule/v2
C003392,0.004156,3392,gnn_mule/v2
C003393,0.039767,3393,gnn_mule/v2
C003394,0.000033,3394,gnn_mule/v2
C003395,0.999997,3395,gnn_mule/v2
C003396,0.707753,3396,gnn_mule/v2
C003397,0.737363,3397,gnn_mule/v2
C003398,0.011377,3398,gnn_mule/v2
C003399,0.070872,3399,gnn_mule/v2
C003400,0.598572,3400,gnn_mule/v2
C003401,0.003333,3401,gnn_mule/v2
C003402,0.006258,3402,gnn_mule/v2
C003403,0.783914,3403,gnn_mule/v2
C003404,0.000433,3404,gnn_mule/v2
C003405,0.012413,3405,gnn_mule/v2
C003406,0.001346,3406,gnn_mule/v2
C003407,0.000276,3407,gnn_mule/v2
C003408,0.003668,3408,gnn_mule/v2
C003409,0.105844,3409,gnn_mule/v2
C003410,0.000137,3410,gnn_mule/v2
C003411,0.000748,3411,gnn_mule/v2
C003412,0.663942,3412,gnn_mule/v2
C003413,0.999979,3413,gnn_mule/v2
C003414,0.000053,3414,gnn_mule/v2
C003415,0.020440,3415,gnn_mule/v2
C003416,0.002719,3416,gnn_mule/v2
C003417,0.896619,3417,gnn_mule/v2
C003418,0.005395,3418,gnn_mule/v2
C003419,0.000282,3419,gnn_mule/v2
C003420,0.917857,3420,gnn_mule/v2
C003421,0.053561,3421,gnn_mule/v2
C003422,0.003007,3422,gnn_mule/v2
C003423,0.012062,3423,gnn_mule/v2
C003424,0.221252,3424,gnn_mule/v2
C003425,0.015123,3425,gnn_mule/v2
C003426,0.005090,3426,gnn_mule/v2
C003427,0.000001,3427,gnn_mule/v2
C003428,0.138396,3428,gnn_mule/v2
C003429,0.427602,3429,gnn_mule/v2
C003430,0.007573,3430,gnn_mule/v2
C003431,0.130588,3431,gnn_mule/v2
C003432,0.955013,3432,gnn_mule/v2
C003433,0.000000,3433,gnn_mule/v2
C003434,0.003759,3434,gnn_mule/v2
C003435,0.003994,3435,gnn_mule/v2
C003436,0.000305,3436,gnn_mule/v2
C003437,0.000023,3437,gnn_mule/v2
C003438,0.220571,3438,gnn_mule/v2
C003439,0.337113,3439,gnn_mule/v2
C003440,0.007398,3440,gnn_mule/v2
C003441,0.004998,3441,gnn_mule/v2
C003442,0.000073,3442,gnn_mule/v2
C003443,0.945783,3443,gnn_mule/v2
C003444,0.134212,3444,gnn_mule/v2
C003445,0.000204,3445,gnn_mule/v2
C003446,0.000022,3446,gnn_mule/v2
C003447,0.035180,3447,gnn_mule/v2
C003448,0.999924,3448,gnn_mule/v2
C003449,0.000470,3449,gnn_mule/v2
C003450,0.008720,3450,gnn_mule/v2
C003451,0.556689,3451,gnn_mule/v2
C003452,0.000006,3452,gnn_mule/v2
C003453,0.004143,3453,gnn_mule/v2
C003454,0.013561,3454,gnn_mule/v2
C003455,0.005100,3455,gnn_mule/v2
C003456,0.000027,3456,gnn_mule/v2
C003457,0.001035,3457,gnn_mule/v2
C003458,0.191579,3458,gnn_mule/v2
C003459,0.005980,3459,gnn_mule/v2
C003460,0.293305,3460,gnn_mule/v2
C003461,0.019449,3461,gnn_mule/v2
C003462,0.001346,3462,gnn_mule/v2
C003463,0.298666,3463,gnn_mule/v2
C003464,0.002386,3464,gnn_mule/v2
C003465,0.656432,3465,gnn_mule/v2
C003466,0.000638,3466,gnn_mule/v2
C003467,0.000009,3467,gnn_mule/v2
C003468,0.022409,3468,gnn_mule/v2
C003469,0.000069,3469,gnn_mule/v2
C003470,0.000026,3470,gnn_mule/v2
C003471,0.004284,3471,gnn_mule/v2
C003472,0.003769,3472,gnn_mule/v2
C003473,0.778468,3473,gnn_mule/v2
C003474,0.206946,3474,gnn_mule/v2
C003475,0.473312,3475,gnn_mule/v2
C003476,0.073994,3476,gnn_mule/v2
C003477,0.000613,3477,gnn_mule/v2
C003478,0.000005,3478,gnn_mule/v2
C003479,0.008825,3479,gnn_mule/v2
C003480,0.000142,3480,gnn_mule/v2
C003481,0.000000,3481,gnn_mule/v2
C003482,0.000584,3482,gnn_mule/v2
C003483,0.000825,3483,gnn_mule/v2
C003484,0.001609,3484,gnn_mule/v2
C003485,0.023319,3485,gnn_mule/v2
C003486,0.000002,3486,gnn_mule/v2
C003487,0.002862,3487,gnn_mule/v2
C003488,0.050619,3488,gnn_mule/v2
C003489,0.000001,3489,gnn_mule/v2
C003490,0.001459,3490,gnn_mule/v2
C003491,0.995536,3491,gnn_mule/v2
C003492,0.002162,3492,gnn_mule/v2
C003493,0.363968,3493,gnn_mule/v2
C003494,0.000513,3494,gnn_mule/v2
C003495,0.000182,3495,gnn_mule/v2
C003496,0.014504,3496,gnn_mule/v2
C003497,0.002279,3497,gnn_mule/v2
C003498,0.002986,3498,gnn_mule/v2
C003499,0.893975,3499,gnn_mule/v2
C003500,0.011102,3500,gnn_mule/v2
C003501,0.911177,3501,gnn_mule/v2
C003502,0.000000,3502,gnn_mule/v2
C003503,0.000185,3503,gnn_mule/v2
C003504,0.000027,3504,gnn_mule/v2
C003505,0.004238,3505,gnn_mule/v2
C003506,0.002299,3506,gnn_mule/v2
C003507,0.520541,3507,gnn_mule/v2
C003508,0.247545,3508,gnn_mule/v2
C003509,0.296585,3509,gnn_mule/v2
C003510,0.002942,3510,gnn_mule/v2
C003511,0.024400,3511,gnn_mule/v2
C003512,0.000027,3512,gnn_mule/v2
C003513,0.425894,3513,gnn_mule/v2
C003514,0.003606,3514,gnn_mule/v2
C003515,0.000000,3515,gnn_mule/v2
C003516,0.215070,3516,gnn_mule/v2
C003517,0.010732,3517,gnn_mule/v2
C003518,0.082813,3518,gnn_mule/v2
C003519,0.000094,3519,gnn_mule/v2
C003520,0.228818,3520,gnn_mule/v2
C003521,0.005886,3521,gnn_mule/v2
C003522,0.002687,3522,gnn_mule/v2
C003523,0.000194,3523,gnn_mule/v2
C003524,0.060581,3524,gnn_mule/v2
C003525,0.943646,3525,gnn_mule/v2
C003526,0.010147,3526,gnn_mule/v2
C003527,0.006821,3527,gnn_mule/v2
C003528,0.001462,3528,gnn_mule/v2
C003529,0.000004,3529,gnn_mule/v2
C003530,0.000808,3530,gnn_mule/v2
C003531,0.000005,3531,gnn_mule/v2
C003532,0.000000,3532,gnn_mule/v2
C003533,0.650404,3533,gnn_mule/v2
C003534,0.017617,3534,gnn_mule/v2
C003535,0.000053,3535,gnn_mule/v2
C003536,0.000061,3536,gnn_mule/v2
C003537,0.872147,3537,gnn_mule/v2
C003538,0.028746,3538,gnn_mule/v2
C003539,0.019578,3539,gnn_mule/v2
C003540,0.861730,3540,gnn_mule/v2
C003541,0.000011,3541,gnn_mule/v2
C003542,0.848005,3542,gnn_mule/v2
C003543,0.005110,3543,gnn_mule/v2
C003544,0.000030,3544,gnn_mule/v2
C003545,0.002126,3545,gnn_mule/v2
C003546,0.564478,3546,gnn_mule/v2
C003547,0.000003,3547,gnn_mule/v2
C003548,0.000128,3548,gnn_mule/v2
C003549,0.429073,3549,gnn_mule/v2
C003550,0.000024,3550,gnn_mule/v2
C003551,0.000933,3551,gnn_mule/v2
C003552,0.000076,3552,gnn_mule/v2
C003553,0.000136,3553,gnn_mule/v2
C003554,0.000011,3554,gnn_mule/v2
C003555,0.106375,3555,gnn_mule/v2
C003556,0.000008,3556,gnn_mule/v2
C003557,0.233742,3557,gnn_mule/v2
C003558,0.000000,3558,gnn_mule/v2
C003559,0.459675,3559,gnn_mule/v2
C003560,0.000203,3560,gnn_mule/v2
C003561,0.000755,3561,gnn_mule/v2
C003562,0.000379,3562,gnn_mule/v2
C003563,0.000001,3563,gnn_mule/v2
C003564,0.000001,3564,gnn_mule/v2
C003565,0.018431,3565,gnn_mule/v2
C003566,0.987502,3566,gnn_mule/v2
C003567,0.005884,3567,gnn_mule/v2
C003568,0.000000,3568,gnn_mule/v2
C003569,0.000011,3569,gnn_mule/v2
C003570,0.002184,3570,gnn_mule/v2
C003571,0.182110,3571,gnn_mule/v2
C003572,0.048281,3572,gnn_mule/v2
C003573,0.002385,3573,gnn_mule/v2
C003574,0.000054,3574,gnn_mule/v2
C003575,0.000005,3575,gnn_mule/v2
C003576,0.143107,3576,gnn_mule/v2
C003577,0.001519,3577,gnn_mule/v2
C003578,0.003767,3578,gnn_mule/v2
C003579,0.003119,3579,gnn_mule/v2
C003580,0.086039,3580,gnn_mule/v2
C003581,0.000009,3581,gnn_mule/v2
C003582,0.003140,3582,gnn_mule/v2
C003583,0.000003,3583,gnn_mule/v2
C003584,0.084055,3584,gnn_mule/v2
C003585,0.470705,3585,gnn_mule/v2
C003586,0.002045,3586,gnn_mule/v2
C003587,0.002116,3587,gnn_mule/v2
C003588,0.529360,3588,gnn_mule/v2
C003589,0.979923,3589,gnn_mule/v2
C003590,0.297647,3590,gnn_mule/v2
C003591,0.000329,3591,gnn_mule/v2
C003592,0.000043,3592,gnn_mule/v2
C003593,0.000930,3593,gnn_mule/v2
C003594,0.002634,3594,gnn_mule/v2
C003595,0.122054,3595,gnn_mule/v2
C003596,0.531793,3596,gnn_mule/v2
C003597,0.000069,3597,gnn_mule/v2
C003598,0.016362,3598,gnn_mule/v2
C003599,0.982345,3599,gnn_mule/v2
C003600,0.247063,3600,gnn_mule/v2
C003601,0.000003,3601,gnn_mule/v2
C003602,0.000003,3602,gnn_mule/v2
C003603,0.128513,3603,gnn_mule/v2
C003604,0.005051,3604,gnn_mule/v2
C003605,0.013109,3605,gnn_mule/v2
C003606,0.000558,3606,gnn_mule/v2
C003607,0.073501,3607,gnn_mule/v2
C003608,0.009752,3608,gnn_mule/v2
C003609,0.970605,3609,gnn_mule/v2
C003610,0.000939,3610,gnn_mule/v2
C003611,0.757852,3611,gnn_mule/v2
C003612,0.000002,3612,gnn_mule/v2
C003613,0.357276,3613,gnn_mule/v2
C003614,0.000975,3614,gnn_mule/v2
C003615,0.000114,3615,gnn_mule/v2
C003616,0.004843,3616,gnn_mule/v2
C003617,0.120376,3617,gnn_mule/v2
C003618,0.005036,3618,gnn_mule/v2
C003619,0.004453,3619,gnn_mule/v2
C003620,0.011466,3620,gnn_mule/v2
C003621,0.215316,3621,gnn_mule/v2
C003622,0.002981,3622,gnn_mule/v2
C003623,0.000038,3623,gnn_mule/v2
C003624,0.128441,3624,gnn_mule/v2
C003625,0.219177,3625,gnn_mule/v2
C003626,0.096886,3626,gnn_mule/v2
C003627,0.002141,3627,gnn_mule/v2
C003628,0.628760,3628,gnn_mule/v2
C003629,0.687472,3629,gnn_mule/v2
C003630,0.001135,3630,gnn_mule/v2
C003631,0.000568,3631,gnn_mule/v2
C003632,0.001347,3632,gnn_mule/v2
C003633,0.000002,3633,gnn_mule/v2
C003634,0.017294,3634,gnn_mule/v2
C003635,0.000010,3635,gnn_mule/v2
C003636,0.852586,3636,gnn_mule/v2
C003637,0.000348,3637,gnn_mule/v2
C003638,0.000626,3638,gnn_mule/v2
C003639,0.135136,3639,gnn_mule/v2
C003640,0.000295,3640,gnn_mule/v2
C003641,0.000068,3641,gnn_mule/v2
C003642,0.001715,3642,gnn_mule/v2
C003643,0.000002,3643,gnn_mule/v2
C003644,0.000276,3644,gnn_mule/v2
C003645,0.279379,3645,gnn_mule/v2
C003646,0.168288,3646,gnn_mule/v2
C003647,0.502068,3647,gnn_mule/v2
C003648,0.000159,3648,gnn_mule/v2
C003649,0.000437,3649,gnn_mule/v2
C003650,0.792652,3650,gnn_mule/v2
C003651,0.029937,3651,gnn_mule/v2
C003652,0.000444,3652,gnn_mule/v2
C003653,0.001134,3653,gnn_mule/v2
C003654,0.000303,3654,gnn_mule/v2
C003655,0.006457,3655,gnn_mule/v2
C003656,0.999980,3656,gnn_mule/v2
C003657,0.000010,3657,gnn_mule/v2
C003658,0.000418,3658,gnn_mule/v2
C003659,0.007314,3659,gnn_mule/v2
C003660,0.070751,3660,gnn_mule/v2
C003661,0.000015,3661,gnn_mule/v2
C003662,0.024499,3662,gnn_mule/v2
C003663,0.012057,3663,gnn_mule/v2
C003664,0.448359,3664,gnn_mule/v2
C003665,0.000099,3665,gnn_mule/v2
C003666,0.958060,3666,gnn_mule/v2
C003667,0.001306,3667,gnn_mule/v2
C003668,0.870940,3668,gnn_mule/v2
C003669,0.000080,3669,gnn_mule/v2
C003670,0.005269,3670,gnn_mule/v2
C003671,0.018786,3671,gnn_mule/v2
C003672,0.868912,3672,gnn_mule/v2
C003673,0.000495,3673,gnn_mule/v2
C003674,0.000062,3674,gnn_mule/v2
C003675,0.000001,3675,gnn_mule/v2
C003676,0.211707,3676,gnn_mule/v2
C003677,0.000000,3677,gnn_mule/v2
C003678,0.015963,3678,gnn_mule/v2
C003679,0.040592,3679,gnn_mule/v2
C003680,0.044735,3680,gnn_mule/v2
C003681,0.017767,3681,gnn_mule/v2
C003682,0.021919,3682,gnn_mule/v2
C003683,0.000956,3683,gnn_mule/v2
C003684,0.002140,3684,gnn_mule/v2
C003685,0.999978,3685,gnn_mule/v2
C003686,0.648831,3686,gnn_mule/v2
C003687,0.000009,3687,gnn_mule/v2
C003688,0.000732,3688,gnn_mule/v2
C003689,0.000051,3689,gnn_mule/v2
C003690,0.111233,3690,gnn_mule/v2
C003691,0.890122,3691,gnn_mule/v2
C003692,0.000546,3692,gnn_mule/v2
C003693,0.000329,3693,gnn_mule/v2
C003694,0.000315,3694,gnn_mule/v2
C003695,0.000030,3695,gnn_mule/v2
C003696,0.002488,3696,gnn_mule/v2
C003697,0.060827,3697,gnn_mule/v2
C003698,0.000306,3698,gnn_mule/v2
C003699,0.041638,3699,gnn_mule/v2
C003700,0.020986,3700,gnn_mule/v2
C003701,0.000000,3701,gnn_mule/v2
C003702,0.000007,3702,gnn_mule/v2
C003703,0.285550,3703,gnn_mule/v2
C003704,0.000240,3704,gnn_mule/v2
C003705,0.000344,3705,gnn_mule/v2
C003706,0.851921,3706,gnn_mule/v2
C003707,0.010687,3707,gnn_mule/v2
C003708,0.000128,3708,gnn_mule/v2
C003709,0.000958,3709,gnn_mule/v2
C003710,0.048516,3710,gnn_mule/v2
C003711,0.000169,3711,gnn_mule/v2
C003712,0.005176,3712,gnn_mule/v2
C003713,0.000816,3713,gnn_mule/v2
C003714,0.000003,3714,gnn_mule/v2
C003715,0.014126,3715,gnn_mule/v2
C003716,0.000601,3716,gnn_mule/v2
C003717,0.000922,3717,gnn_mule/v2
C003718,0.000374,3718,gnn_mule/v2
C003719,0.128800,3719,gnn_mule/v2
C003720,0.000008,3720,gnn_mule/v2
C003721,0.003847,3721,gnn_mule/v2
C003722,0.013808,3722,gnn_mule/v2
C003723,0.027598,3723,gnn_mule/v2
C003724,0.002532,3724,gnn_mule/v2
C003725,0.014144,3725,gnn_mule/v2
C003726,0.002106,3726,gnn_mule/v2
C003727,0.000002,3727,gnn_mule/v2
C003728,0.930697,3728,gnn_mule/v2
C003729,0.050159,3729,gnn_mule/v2
C003730,0.000051,3730,gnn_mule/v2
C003731,0.000011,3731,gnn_mule/v2
C003732,0.008310,3732,gnn_mule/v2
C003733,0.000023,3733,gnn_mule/v2
C003734,0.000000,3734,gnn_mule/v2
C003735,0.059842,3735,gnn_mule/v2
C003736,0.058734,3736,gnn_mule/v2
C003737,0.832114,3737,gnn_mule/v2
C003738,0.002719,3738,gnn_mule/v2
C003739,0.007666,3739,gnn_mule/v2
C003740,0.000011,3740,gnn_mule/v2
C003741,0.000008,3741,gnn_mule/v2
C003742,0.000200,3742,gnn_mule/v2
C003743,0.868234,3743,gnn_mule/v2
C003744,0.994938,3744,gnn_mule/v2
C003745,0.070157,3745,gnn_mule/v2
C003746,0.911634,3746,gnn_mule/v2
C003747,0.736991,3747,gnn_mule/v2
C003748,0.303950,3748,gnn_mule/v2
C003749,0.005794,3749,gnn_mule/v2
C003750,0.030093,3750,gnn_mule/v2
C003751,0.000021,3751,gnn_mule/v2
C003752,0.000284,3752,gnn_mule/v2
C003753,0.125938,3753,gnn_mule/v2
C003754,0.000537,3754,gnn_mule/v2
C003755,0.000002,3755,gnn_mule/v2
C003756,0.005246,3756,gnn_mule/v2
C003757,0.000000,3757,gnn_mule/v2
C003758,0.284921,3758,gnn_mule/v2
C003759,0.000009,3759,gnn_mule/v2
C003760,0.004670,3760,gnn_mule/v2
C003761,0.005260,3761,gnn_mule/v2
C003762,0.001656,3762,gnn_mule/v2
C003763,0.118630,3763,gnn_mule/v2
C003764,0.178779,3764,gnn_mule/v2
C003765,0.000018,3765,gnn_mule/v2
C003766,0.001024,3766,gnn_mule/v2
C003767,0.006011,3767,gnn_mule/v2
C003768,0.680534,3768,gnn_mule/v2
C003769,0.016851,3769,gnn_mule/v2
C003770,0.012253,3770,gnn_mule/v2
C003771,0.000000,3771,gnn_mule/v2
C003772,0.000005,3772,gnn_mule/v2
C003773,0.000131,3773,gnn_mule/v2
C003774,0.001207,3774,gnn_mule/v2
C003775,0.960379,3775,gnn_mule/v2
C003776,0.000006,3776,gnn_mule/v2
C003777,0.000024,3777,gnn_mule/v2
C003778,0.000194,3778,gnn_mule/v2
C003779,0.007161,3779,gnn_mule/v2
C003780,0.644680,3780,gnn_mule/v2
C003781,0.836274,3781,gnn_mule/v2
C003782,0.000512,3782,gnn_mule/v2
C003783,0.000053,3783,gnn_mule/v2
C003784,0.017242,3784,gnn_mule/v2
C003785,0.953115,3785,gnn_mule/v2
C003786,0.000004,3786,gnn_mule/v2
C003787,0.000495,3787,gnn_mule/v2
C003788,0.001602,3788,gnn_mule/v2
C003789,0.071298,3789,gnn_mule/v2
C003790,0.084170,3790,gnn_mule/v2
C003791,0.069587,3791,gnn_mule/v2
C003792,0.105556,3792,gnn_mule/v2
C003793,0.226328,3793,gnn_mule/v2
C003794,0.361869,3794,gnn_mule/v2
C003795,0.000056,3795,gnn_mule/v2
C003796,0.000906,3796,gnn_mule/v2
C003797,0.000201,3797,gnn_mule/v2
C003798,0.119967,3798,gnn_mule/v2
C003799,0.000074,3799,gnn_mule/v2
C003800,0.160854,3800,gnn_mule/v2
C003801,0.000058,3801,gnn_mule/v2
C003802,0.789273,3802,gnn_mule/v2
C003803,1.000000,3803,gnn_mule/v2
C003804,0.041594,3804,gnn_mule/v2
C003805,0.000014,3805,gnn_mule/v2
C003806,0.004812,3806,gnn_mule/v2
C003807,0.148434,3807,gnn_mule/v2
C003808,0.650808,3808,gnn_mule/v2
C003809,0.000792,3809,gnn_mule/v2
C003810,0.055620,3810,gnn_mule/v2
C003811,0.000021,3811,gnn_mule/v2
C003812,0.000069,3812,gnn_mule/v2
C003813,0.999999,3813,gnn_mule/v2
C003814,0.000612,3814,gnn_mule/v2
C003815,0.055202,3815,gnn_mule/v2
C003816,0.110207,3816,gnn_mule/v2
C003817,0.000000,3817,gnn_mule/v2
C003818,0.089929,3818,gnn_mule/v2
C003819,0.000243,3819,gnn_mule/v2
C003820,0.005876,3820,gnn_mule/v2
C003821,1.000000,3821,gnn_mule/v2
C003822,0.000000,3822,gnn_mule/v2
C003823,0.045728,3823,gnn_mule/v2
C003824,0.000026,3824,gnn_mule/v2
C003825,0.002331,3825,gnn_mule/v2
C003826,0.163450,3826,gnn_mule/v2
C003827,0.035450,3827,gnn_mule/v2
C003828,0.000287,3828,gnn_mule/v2
C003829,0.013953,3829,gnn_mule/v2
C003830,0.001313,3830,gnn_mule/v2
C003831,0.011423,3831,gnn_mule/v2
C003832,0.003534,3832,gnn_mule/v2
C003833,0.000672,3833,gnn_mule/v2
C003834,0.002118,3834,gnn_mule/v2
C003835,0.000002,3835,gnn_mule/v2
C003836,0.000134,3836,gnn_mule/v2
C003837,0.000318,3837,gnn_mule/v2
C003838,0.560855,3838,gnn_mule/v2
C003839,0.000001,3839,gnn_mule/v2
C003840,0.147978,3840,gnn_mule/v2
C003841,0.169229,3841,gnn_mule/v2
C003842,0.668199,3842,gnn_mule/v2
C003843,0.000000,3843,gnn_mule/v2
C003844,0.066104,3844,gnn_mule/v2
C003845,0.000044,3845,gnn_mule/v2
C003846,0.253381,3846,gnn_mule/v2
C003847,0.017024,3847,gnn_mule/v2
C003848,0.025657,3848,gnn_mule/v2
C003849,0.000210,3849,gnn_mule/v2
C003850,0.000143,3850,gnn_mule/v2
C003851,0.000178,3851,gnn_mule/v2
C003852,0.000133,3852,gnn_mule/v2
C003853,0.000000,3853,gnn_mule/v2
C003854,0.000637,3854,gnn_mule/v2
C003855,0.001058,3855,gnn_mule/v2
C003856,0.000325,3856,gnn_mule/v2
C003857,0.000135,3857,gnn_mule/v2
C003858,0.006927,3858,gnn_mule/v2
C003859,0.000041,3859,gnn_mule/v2
C003860,0.183450,3860,gnn_mule/v2
C003861,0.392846,3861,gnn_mule/v2
C003862,0.000124,3862,gnn_mule/v2
C003863,0.000031,3863,gnn_mule/v2
C003864,0.228853,3864,gnn_mule/v2
C003865,0.000031,3865,gnn_mule/v2
C003866,0.008578,3866,gnn_mule/v2
C003867,0.000008,3867,gnn_mule/v2
C003868,0.601991,3868,gnn_mule/v2
C003869,0.004705,3869,gnn_mule/v2
C003870,0.000002,3870,gnn_mule/v2
C003871,0.000029,3871,gnn_mule/v2
C003872,0.964527,3872,gnn_mule/v2
C003873,0.289417,3873,gnn_mule/v2
C003874,0.000001,3874,gnn_mule/v2
C003875,0.137185,3875,gnn_mule/v2
C003876,0.000051,3876,gnn_mule/v2
C003877,0.000021,3877,gnn_mule/v2
C003878,0.003348,3878,gnn_mule/v2
C003879,0.000007,3879,gnn_mule/v2
C003880,0.000170,3880,gnn_mule/v2
C003881,0.676033,3881,gnn_mule/v2
C003882,0.015900,3882,gnn_mule/v2
C003883,0.000562,3883,gnn_mule/v2
C003884,0.000016,3884,gnn_mule/v2
C003885,0.009419,3885,gnn_mule/v2
C003886,0.000139,3886,gnn_mule/v2
C003887,0.487477,3887,gnn_mule/v2
C003888,0.001692,3888,gnn_mule/v2
C003889,0.531585,3889,gnn_mule/v2
C003890,0.762458,3890,gnn_mule/v2
C003891,0.000388,3891,gnn_mule/v2
C003892,0.009314,3892,gnn_mule/v2
C003893,0.000010,3893,gnn_mule/v2
C003894,0.999974,3894,gnn_mule/v2
C003895,0.125630,3895,gnn_mule/v2
C003896,0.000121,3896,gnn_mule/v2
C003897,0.581109,3897,gnn_mule/v2
C003898,0.000021,3898,gnn_mule/v2
C003899,0.012021,3899,gnn_mule/v2
C003900,0.000000,3900,gnn_mule/v2
C003901,0.029481,3901,gnn_mule/v2
C003902,0.115600,3902,gnn_mule/v2
C003903,0.000000,3903,gnn_mule/v2
C003904,0.042992,3904,gnn_mule/v2
C003905,0.164103,3905,gnn_mule/v2
C003906,0.002843,3906,gnn_mule/v2
C003907,0.000689,3907,gnn_mule/v2
C003908,0.000393,3908,gnn_mule/v2
C003909,0.000421,3909,gnn_mule/v2
C003910,0.502038,3910,gnn_mule/v2
C003911,0.031583,3911,gnn_mule/v2
C003912,0.000397,3912,gnn_mule/v2
C003913,0.052640,3913,gnn_mule/v2
C003914,0.048537,3914,gnn_mule/v2
C003915,0.787569,3915,gnn_mule/v2
C003916,0.003907,3916,gnn_mule/v2
C003917,0.307333,3917,gnn_mule/v2
C003918,0.208180,3918,gnn_mule/v2
C003919,0.520122,3919,gnn_mule/v2
C003920,0.000931,3920,gnn_mule/v2
C003921,0.000003,3921,gnn_mule/v2
C003922,0.999995,3922,gnn_mule/v2
C003923,0.040071,3923,gnn_mule/v2
C003924,0.000186,3924,gnn_mule/v2
C003925,0.015229,3925,gnn_mule/v2
C003926,0.030622,3926,gnn_mule/v2
C003927,0.002597,3927,gnn_mule/v2
C003928,0.260055,3928,gnn_mule/v2
C003929,1.000000,3929,gnn_mule/v2
C003930,0.000004,3930,gnn_mule/v2
C003931,0.399306,3931,gnn_mule/v2
C003932,0.002449,3932,gnn_mule/v2
C003933,0.017065,3933,gnn_mule/v2
C003934,0.000424,3934,gnn_mule/v2
C003935,0.135871,3935,gnn_mule/v2
C003936,0.050343,3936,gnn_mule/v2
C003937,0.003408,3937,gnn_mule/v2
C003938,0.876552,3938,gnn_mule/v2
C003939,0.000084,3939,gnn_mule/v2
C003940,0.017385,3940,gnn_mule/v2
C003941,0.000846,3941,gnn_mule/v2
C003942,0.001309,3942,gnn_mule/v2
C003943,0.000004,3943,gnn_mule/v2
C003944,0.032632,3944,gnn_mule/v2
C003945,0.813985,3945,gnn_mule/v2
C003946,0.930564,3946,gnn_mule/v2
C003947,0.000600,3947,gnn_mule/v2
C003948,0.615615,3948,gnn_mule/v2
C003949,0.008255,3949,gnn_mule/v2
C003950,0.024234,3950,gnn_mule/v2
C003951,0.650617,3951,gnn_mule/v2
C003952,0.000040,3952,gnn_mule/v2
C003953,0.003032,3953,gnn_mule/v2
C003954,0.081128,3954,gnn_mule/v2
C003955,0.971983,3955,gnn_mule/v2
C003956,0.000093,3956,gnn_mule/v2
C003957,0.006326,3957,gnn_mule/v2
C003958,0.993424,3958,gnn_mule/v2
C003959,0.090670,3959,gnn_mule/v2
C003960,0.129020,3960,gnn_mule/v2
C003961,0.000004,3961,gnn_mule/v2
C003962,0.071110,3962,gnn_mule/v2
C003963,0.015531,3963,gnn_mule/v2
C003964,0.010020,3964,gnn_mule/v2
C003965,0.001580,3965,gnn_mule/v2
C003966,0.110942,3966,gnn_mule/v2
C003967,0.000061,3967,gnn_mule/v2
C003968,0.000017,3968,gnn_mule/v2
C003969,0.000001,3969,gnn_mule/v2
C003970,0.113167,3970,gnn_mule/v2
C003971,0.000002,3971,gnn_mule/v2
C003972,0.915309,3972,gnn_mule/v2
C003973,0.000414,3973,gnn_mule/v2
C003974,0.002317,3974,gnn_mule/v2
C003975,0.239202,3975,gnn_mule/v2
C003976,0.000309,3976,gnn_mule/v2
C003977,0.891281,3977,gnn_mule/v2
C003978,0.000944,3978,gnn_mule/v2
C003979,0.000183,3979,gnn_mule/v2
C003980,0.075062,3980,gnn_mule/v2
C003981,0.000012,3981,gnn_mule/v2
C003982,0.002224,3982,gnn_mule/v2
C003983,0.016942,3983,gnn_mule/v2
C003984,0.306717,3984,gnn_mule/v2
C003985,0.494240,3985,gnn_mule/v2
C003986,0.000000,3986,gnn_mule/v2
C003987,0.003905,3987,gnn_mule/v2
C003988,0.002902,3988,gnn_mule/v2
C003989,0.000032,3989,gnn_mule/v2
C003990,0.015666,3990,gnn_mule/v2
C003991,0.010963,3991,gnn_mule/v2
C003992,0.000000,3992,gnn_mule/v2
C003993,0.000070,3993,gnn_mule/v2
C003994,0.053729,3994,gnn_mule/v2
C003995,0.000049,3995,gnn_mule/v2
C003996,0.000024,3996,gnn_mule/v2
C003997,0.092067,3997,gnn_mule/v2
C003998,0.949768,3998,gnn_mule/v2
C003999,1.000000,3999,gnn_mule/v2
